"PC1","PC2","PC3","PC4","PC5","PC6","PC7","PC8","PC9","PC10","PC11","PC12","PC13","PC14","PC15","impacto_salud_mental"
-4.7600639333417,0.825116566852851,1.48744823574907,0.240557326918276,1.20478447143975,-0.483028231519965,-0.910414284586524,-1.05126549548028,-1.59066371957868,-1.31507396453927,-0.39753436943765,0.571736525594772,1.2064207213771,-0.955248909619875,-0.970476622179007,"Baja Afectación"
1.67147029263395,-1.24863052401178,-1.07711042627399,-0.404124784861882,-0.409349532244067,0.182469341332277,-0.807259736709381,0.839470646605393,-0.260299541816281,0.446046556745721,0.972871082867432,1.446766855813,0.318263378894797,0.518413125319055,0.254130308784311,"Moderada Afectación"
0.657419093329603,0.957370174835676,-0.738621656765191,0.381851598578195,0.624498603947148,0.283673285106133,-0.628792254861075,0.953491474990673,1.99381987065276,-2.00864679256032,-1.02369763421815,1.01859136588141,2.95932784599386,0.96752698388736,2.14633294381173,"Moderada Afectación"
0.526426169846448,0.471802712831311,-1.22312926457766,-0.676617390005196,1.02987271207199,0.597957503085982,2.46172372246793,0.433603516249425,0.383847320227276,0.0378903801735603,-0.833030345910915,-1.35472596082355,-0.158810483570182,-0.590726684554922,-0.865853225771134,"Moderada Afectación"
-0.509505769236048,-1.07258059928389,-0.623078029440631,0.973910273903024,0.480718133624065,-0.0568643922440267,0.57683368999297,0.0724547635738344,0.536314127104062,0.215552245911882,0.588451660947256,0.0944546452440546,0.110638039515191,0.637354837744853,0.136371699886235,"Moderada Afectación"
5.44992178325178,4.78702558095907,2.99923019812205,0.534957266451162,1.20797207841139,-0.621932333598541,0.992595211367087,-0.365485253219563,3.18594529444473,-1.40184571562355,-2.36463135524979,0.0435134620492814,3.78312806205422,-1.14028017388385,-1.38472443146175,"Moderada Afectación"
-0.456769628254144,-1.62830458347656,-0.150674712577243,-0.276374037279267,1.09496561627594,1.03033396516017,0.503614902250055,0.169931196971268,0.40796516031472,1.34288971744878,-0.589800189498293,-0.857801515292698,0.532457800441492,1.85407918200379,0.852163125927897,"Moderada Afectación"
7.27348531998183,-0.603173949657912,-0.755255502473486,1.8066065204505,-0.6009317039154,-0.352693729336557,-0.149139263883309,-0.182770482215676,-1.59955046928198,0.577974634977982,-2.90435865574189,0.522677146142994,-0.84147454094792,0.257922398252186,-0.173253609867308,"Alta Afectación"
-0.182151153888298,-0.347320554999045,-0.924178167241137,-1.72443062708885,0.50743044466766,1.24972260292922,-0.697841773150974,-3.60771951984657,0.871494998570693,-1.46580900149827,0.505683891910862,0.0322773907098057,-2.61416907877657,1.75870576088028,-0.986771486926849,"Moderada Afectación"
0.0618411566227842,-1.69438944325989,-0.427678834013977,-0.429592607353321,-1.35606005532117,2.61088928359101,1.3282929583773,-1.76867191747329,2.32361683055107,-0.985531130599489,-0.467829746376291,1.15631833836884,2.64149370960483,0.963901042791472,-0.0349604197440184,"Moderada Afectación"
3.10185057874957,-0.182457180156433,-0.804275647460256,-0.712427299666084,1.64445088285161,1.11576323222753,-1.15174212275502,0.81163002832344,-0.123950778143321,1.13205792379741,-0.159355704333954,0.0523162635224127,0.3516949579644,0.927529019148653,-1.82101214348787,"Moderada Afectación"
3.77793562674372,2.97811420244871,2.18199849895026,-1.29861548005175,3.34380810527409,-0.263265182565324,-2.14037902746312,-2.35279144108672,-1.30396237132144,-0.209594034696473,-0.135052123746785,0.60508041351729,-2.04574862996172,-0.296032380209243,0.947500283024091,"Moderada Afectación"
10.4860694008224,3.32043591373326,1.11924613859823,0.302047966084154,-0.613037777760178,-1.39400027154292,-0.910075499058118,-1.50012631157949,1.28861166875002,1.22338654183175,-0.316739719760362,0.677338224079449,-0.274749827827617,-0.105293905551182,-1.29330663231792,"Alta Afectación"
6.51420070934623,1.19711645914288,-2.65484973360088,0.235955000473842,3.00612277846306,0.110987248989676,-0.266603969146128,0.574305649721614,-0.272495186171469,-0.194462533508704,1.18277170185256,-1.41543626342962,1.47958097712751,0.19600148687387,1.11775567437609,"Moderada Afectación"
0.345235393928739,1.70753803491312,0.119552085038547,-0.873015248314764,3.66989715144508,1.22951915800695,-0.988527615901434,-0.192280636550997,-0.11220891427204,1.64032666879385,-0.39835314693846,0.685487755130763,-0.0795605998506588,-1.88288763610645,1.7489092355745,"Moderada Afectación"
6.24073189533263,-1.41916907991863,1.66188088259302,0.741549357535183,-1.72425449016453,0.0537289164124513,0.187604353754733,1.44725225291426,-0.430345393822862,0.275809878838498,0.414426811555239,-1.58699813954689,0.339298854392597,0.815403459680455,1.65432180240135,"Moderada Afectación"
-3.39842441643638,-0.562875866613183,-0.0867194527998844,0.447386233987166,-0.183653113041658,0.977339687463996,-2.59910850215589,0.75975226462812,-0.232484560989381,-0.216054714462618,-0.978425052326765,-0.78056007948678,-0.422868180085369,0.154479000745024,-0.211877471365642,"Baja Afectación"
3.61160551210823,0.852639267766821,-0.26050024527844,0.337902094014139,3.27567811526675,1.13874400845133,-0.0683048000170052,-0.851823518616478,1.18920703595136,2.437825029368,-0.100599205478983,1.98274845281256,-2.27213905856303,-1.79593537141863,-0.0444194211997505,"Moderada Afectación"
-2.23139818853587,0.680655360714424,-0.0228094139094047,0.506285567895416,1.02082635988023,1.41783835493827,2.09108446840279,0.0302342299333455,-0.490268889258142,0.681508150190718,-0.723270989399022,0.506974729569346,0.715454624109198,0.522859633331379,-0.915207800021959,"Baja Afectación"
3.87958127011262,-1.66080456738896,1.57827176728553,0.247622559060874,-0.112575403397864,0.782178893190009,0.308629239348292,0.284718420592948,0.731154258550704,-0.269820801166965,2.26659682390513,-0.891961123538975,-1.0922857591358,1.64085988155462,0.708574323380937,"Moderada Afectación"
-1.43080564245553,-0.894083228281927,0.459379443199065,-1.02955717598361,1.6364986359505,-1.14240390756049,1.1649123793112,2.05441127123454,-0.147951389508458,-0.794369459083704,-0.951321446527499,1.08954418973528,0.456074797234494,-0.476536044924688,0.535075875888374,"Baja Afectación"
2.89360826956238,-0.985086688491525,-1.35348441197632,1.13190382759756,-0.60107426290838,1.2999078849323,0.738540567222108,1.93335192891962,-0.732758869880644,-0.688257557638805,-0.80835033054386,0.0897320896007169,0.854055991226323,-0.534289361832238,1.14143051359768,"Moderada Afectación"
4.74811881295238,-1.03268135288432,-0.698235959141607,1.75316111703598,-0.784053670291965,-0.612387965110428,0.119995257612349,0.37974774894924,-1.16304756629843,2.11692860852334,-1.08340445062956,0.176942436899339,-1.3761871356733,1.12744692373116,-0.566114304504552,"Moderada Afectación"
-3.32503884719605,-0.378351958665559,0.160312293211689,-0.495147761475372,2.41908941208681,1.68182208633121,0.0580466046751578,-0.202775596523168,0.765828968999903,-0.479072310781226,-0.247817865716733,0.0799621772910952,-0.835262799920823,1.95031564379954,-0.278844990571636,"Baja Afectación"
7.84531104001204,0.426947741787204,-2.53034228894772,0.417714589503302,0.0378397243754039,0.102145073152092,-1.25601214167668,-0.388147292903872,-0.609891546016963,-0.655469645980315,-0.429618151062121,0.292317691844235,0.716061548542084,-0.385546003644847,0.183805938878081,"Alta Afectación"
-2.88777622960547,3.91516331324474,-1.41163943666095,0.167945822995327,0.710856885513998,-0.327179147026594,0.12249801055353,0.671156144870789,-0.262425778857925,-0.718569284245686,-0.366766135090418,-0.429211826411695,0.789924377063389,0.577067956792536,0.385183524527603,"Baja Afectación"
11.0394598857096,1.89079617616369,0.495483494094687,1.53005404151728,-0.288468480935336,-0.974916870306768,-1.54519284240975,-1.66514027123611,1.1077568969562,-0.864173480058769,-0.824460408715757,0.0700738629921647,3.11325532474551,0.281435178430425,0.0750694227764818,"Alta Afectación"
0.167293243358312,-0.837390789914401,-0.107123862454321,-0.570558670329111,2.19520108925035,0.543737007956351,-1.06605891464442,0.561042464985668,-1.29225171179571,-0.137782967633072,-0.13330346922212,-0.823256138366367,0.868319594577855,1.13919543624907,0.672676216381912,"Moderada Afectación"
-2.32504243236706,1.14874318188649,-1.40434979234906,1.29472429109839,-1.77389918467445,0.133106756984922,0.39981375704224,-0.878401614918396,0.0662090866418603,-0.0263844171403223,0.0657813193619083,1.39843443954052,0.0277538468551794,0.850643253491432,0.0087286846249764,"Baja Afectación"
0.189963360418366,1.28729271976093,-1.65935209195191,2.18958570694665,-1.13285232512949,0.976478858931353,0.840342301195975,-0.56860885559087,4.25730429700097,-1.79901580708529,-1.57612142774971,-0.230790721357012,1.69397626028632,0.187859743112278,0.78316526664061,"Moderada Afectación"
4.41459602034836,-1.44791731255894,-0.799086861516097,0.63332352240255,1.32562242162945,-0.72390750235197,0.583130849043543,0.2562315525231,-0.405054571057747,-0.730757759446897,2.19471073081541,0.612440737057679,0.763160621153509,-0.081348234900861,0.51692972965533,"Moderada Afectación"
-3.36362197598349,-0.780283189442702,0.811200284853965,-0.403723649058182,1.38042617353593,1.85034231136904,-2.0914162984506,-1.64185572077217,-0.749864996885641,-0.996559811622475,-1.90649540350479,-0.228000081601744,-0.333833305345089,-2.00303203950416,3.40721426261225,"Baja Afectación"
-3.1432656711411,1.14023952145102,-0.876160515064605,1.11020221636183,-0.428396785696037,-0.914949272459912,0.290524830753658,-0.697569930895483,1.27843403820871,-0.197234540240422,1.44371125446076,-0.596147589670486,-0.923882956293597,0.142325047859513,0.0211942503990346,"Baja Afectación"
0.565908060638633,-3.05669478463333,1.09551661994505,1.02901347584433,0.00944533312747511,-0.810880510642814,1.08204414242618,-0.27049740612555,-0.45136637242009,0.305237508743443,-0.557922605415449,-1.12158096065421,-0.0378293703403114,-0.817476028473204,-0.740500841922307,"Moderada Afectación"
1.65750601741708,-3.65156583023545,-0.653730566211287,0.816944230035771,-0.855063153915097,-0.111772997643818,-1.2452943415565,1.04778429765499,0.0234260185670189,1.52482767955041,0.106142544388565,-0.360430924294772,-0.0208693572305003,1.02755480701836,0.12114555682604,"Moderada Afectación"
5.44258883526532,-0.141572858324926,2.09835246807249,0.338355941532896,0.629946386272826,-0.617892453112831,0.532253603067406,0.891805492107772,-0.0716867208681605,-0.900413160055606,3.03134102422421,-0.696076004411583,0.326400803248189,0.0651345990811322,0.918088292699564,"Moderada Afectación"
0.819246469268514,-0.719360072192284,4.51422319545398,-0.861216607554118,-1.98698409035793,-1.43835124690988,1.29025975349784,1.68356257638379,-0.743288457048062,0.455515171870096,2.57809714754777,0.656335917122207,0.84051215615791,0.283495611913394,1.86362562750099,"Moderada Afectación"
-1.26251505137578,-2.9103525719443,1.9336952798287,0.805201454135322,1.76585070630637,-1.40880452006294,0.913836380302575,-3.55976343628865,0.32813092916403,1.34790024894114,1.58436888548435,0.962025022014224,-0.0401070301398755,-2.95103001743376,-0.621012436217426,"Moderada Afectación"
-0.37286897072747,-0.827297346204565,-0.701423863609732,1.52380622513121,-0.13994663262311,-0.849779203011564,-1.01243479673138,-0.333957321003523,0.180723515925903,-1.34720957601033,-0.0621368569651131,-1.12979207262953,-1.12327494008219,-0.937089544427333,-0.0685502733587681,"Moderada Afectación"
9.23509955352436,3.97515681621393,2.83094018048071,0.909239769169033,-2.4731240944406,2.94377448245332,-0.350428088476032,2.66804166105032,0.971725511735182,0.310028203559851,0.615234967040647,0.343478623835339,-0.671379225462463,0.0128621463228333,-0.0413492292395464,"Alta Afectación"
-4.83928355006339,2.37479020069583,-0.646772943783486,1.41333933237787,-0.123811626435863,-0.683580590447189,-0.370748060827312,0.76932106420441,-0.119684229990752,0.891798276519556,-0.351510893244693,0.755208175414954,-0.849631927092537,1.88579921125676,0.622268049676868,"Baja Afectación"
11.3454646169481,2.62407173333036,2.48584510850328,1.03721808482106,-0.896474963093611,-0.405317136287457,-2.45272940554883,-1.12253822754606,-0.154552087507441,-0.138959532630484,1.07505661330359,-1.42031010237995,0.773024887321812,-0.671726773451045,-1.71756006315102,"Alta Afectación"
0.788383420319819,-0.804233776583094,0.359887167021032,1.38555923571536,0.308583523195951,-2.07595251457636,-0.507459264968926,0.216337036931732,0.607115621368116,0.730979684182561,-0.171869986590258,-0.519243814938263,-0.841298078072723,-0.660233319814505,-0.750496802703852,"Moderada Afectación"
-3.23359659556324,0.533252133976438,1.30839870273119,-0.413482529384246,0.599409523620359,-1.37907926553787,0.152771980091078,0.468649808129119,-0.236832956299054,0.551817448855622,1.89092336770776,-1.95570736310508,0.951713895623105,0.0526171806485596,0.626466224122111,"Baja Afectación"
-0.880775945810769,-2.05157904075268,0.0484081172899767,1.4994101843329,-0.915611200586545,-0.627332362643287,-0.207687768541923,-0.128570828966713,0.671091776532134,0.166155513402203,0.731737931056747,-1.49425269056093,-0.638750501599648,-0.830800364841364,0.106818920973172,"Moderada Afectación"
2.03520362707407,-2.25977023573063,-1.67187551096469,0.732885559894609,-0.749927383022908,1.20605926714804,0.973092099017723,0.0258830585787416,1.31504894923019,-0.396993781065067,0.394374722504469,-0.516843750175414,-1.23410006116491,-1.0084645874798,-0.338989124899628,"Moderada Afectación"
2.22898253502802,-1.98162918093026,-0.223118502240327,-0.394844147148828,2.41148814447551,-0.301524593579466,-1.43949330306079,-0.323598392584323,0.272464855408669,1.09453099161484,0.149084118002004,-0.439075884474485,-0.83368946873216,1.94297940549021,-0.707828401473593,"Moderada Afectación"
5.55285752283756,-0.379812815511087,0.49492887605787,1.21375421044036,-0.552146953894096,-1.13903804466337,-1.14080235630864,-0.926097583772716,-0.238137248680985,-0.529814461278068,-0.184214649088795,-0.537011060134359,-0.592910437955955,1.07318412815877,1.15909724564536,"Moderada Afectación"
-3.78625594412513,-1.70841584701397,0.508975622339526,0.272967792791527,1.26502983900585,-0.102489597481881,-0.263666090466878,0.267185262974296,1.23640074412298,0.584832683396594,-0.620112280643176,-1.49547288788886,-0.588722803558884,0.732591579859076,-0.238928375394535,"Baja Afectación"
5.46061443916204,1.23469351687802,-1.20725200275584,1.80662528162389,1.04112289213139,-0.406345264237814,2.22512871833078,1.34793707014608,-1.43986183198777,-0.353608506237227,-1.00418978143136,0.818578671610187,-1.49968473159292,0.660680602791964,0.300554765346846,"Moderada Afectación"
-3.45739123255211,-0.347470709207826,0.533139220802667,-0.606843033550819,-0.0254698679590464,0.290764932290311,1.34302520128973,-1.79468880036537,-0.637828721636337,0.660265800083898,0.874082647736216,-0.408621662315557,1.29399981285222,0.367507706471797,-0.833252123088664,"Baja Afectación"
6.27968738932206,1.54802090479642,-0.412259954635638,1.69499848185908,-0.20392984925774,0.390761160827492,-0.0510104561858101,-0.976658932407513,-0.987292358556757,-0.219532366386983,0.753719614958073,-0.754190392723545,-2.31349925136348,1.65294460990857,0.41443493226674,"Moderada Afectación"
2.20819082709454,-0.97634212372467,2.57198238804195,-1.45168210057484,0.642863387246478,-1.3666281796764,-1.91829475750991,-0.326206540583676,0.284079131659649,-0.797811771128985,3.03178976849411,-2.12908668066573,0.974065066609215,-0.725629113288988,-0.00356381150672772,"Moderada Afectación"
-4.51260298928209,2.01916681581076,-0.452428350837879,1.16996648955306,0.393458091162015,0.493285957434809,-0.0955841521499944,0.190885096908124,0.826127837939182,-0.579895115841467,-0.418079554902731,-0.672665543285546,-0.338566323233134,-0.275900946210335,0.0603954319842007,"Baja Afectación"
1.80858412191717,-1.28576322070737,-0.132335550759904,0.134817417250757,0.222438000098835,-0.640633440224886,1.98525696293416,-2.06193234886323,-1.16911247687947,0.415525065850184,0.39121033305047,0.0127179497353275,0.819508805690026,1.16854094681309,0.0145155789875995,"Moderada Afectación"
-2.90448485881397,-0.0674470722822184,0.988968029141057,-0.0680771820504958,2.03389570338629,0.0325262724278132,0.546441528093146,0.211130181220236,0.0335692127350687,-0.0659731481668927,-0.979227449282991,-1.96186405008556,-0.177509930929024,0.49039981757024,-0.395139051370885,"Baja Afectación"
-0.177811788348598,2.57988637756043,3.20183913055912,-3.2643630299209,-1.56998515739153,1.9478328105449,-0.0885687619329003,0.209570378499273,-2.31429535968833,-0.888421809295823,0.10756360436741,-0.37261525142031,0.88857082607776,0.633883510024339,0.748977493800508,"Baja Afectación"
-0.265555436255854,0.26248508086457,2.16497194512295,-2.23804194828676,-0.533024135419752,2.88502062987335,1.87604265166713,-1.18348809518496,-1.62284113819692,0.791737066574812,1.14157287789277,-1.75565487070497,0.511049236800312,2.21646526358368,0.343731690148111,"Baja Afectación"
8.79105919602181,2.87464484448755,5.90285560439835,0.748843685950023,-1.78162350962065,-0.176219948048327,0.185098416099466,-0.723356084051693,1.88549214231287,-0.490309417343299,-2.46604408752278,-1.26751798921129,1.46686339544048,0.544741659566959,-0.541742978139211,"Alta Afectación"
2.50804940443859,-2.15985866333809,-0.995108049137214,1.44875699606504,-0.73887628300003,-1.65695155271079,-0.97622041910216,0.30410789829624,1.29332214530072,1.67155321610652,0.613805749516302,-1.27405184352053,0.669455336328896,0.613157484642255,0.498796509822153,"Moderada Afectación"
-2.28094104542687,-1.83083584630158,-0.107031813205788,1.37090669563161,-0.950777766039904,0.820280804036607,0.487796824923458,0.404701647516946,0.860091522047172,0.6868889190373,-0.554275329018506,0.579961811752327,-0.824360918229272,-0.412503961760425,-0.633061723221595,"Baja Afectación"
-2.70339324881978,-2.84482010268294,0.577742674659977,0.224196091886046,0.0223025424277429,0.579851782344443,-0.792802476423011,1.05718066934322,-0.393456160194232,0.140508640829795,-0.853534910431109,-0.585014011103955,0.665873990248653,-0.492672608491455,-0.25136998424895,"Baja Afectación"
10.634618939473,2.94775489314792,2.98939566859224,-0.999823823705091,0.852465196128287,0.154241929385233,0.122704163530275,1.68478830536409,-0.875627689695989,0.531667598170175,1.90685102473504,-0.629851113921153,0.278576100805128,0.0869405555512325,-0.65774342432226,"Alta Afectación"
0.265279109536287,-2.72950756407838,0.77785788740972,-0.15614041726479,2.39018866720548,-0.915872261032284,1.83071016484782,0.883172813619391,0.0216366000104478,0.300873530950598,-0.663025153980019,0.390528388373813,-0.107812766324718,1.07698928208295,-0.294470209795848,"Moderada Afectación"
0.934892320145873,-1.8864946131302,0.00676134558328336,-1.47645476788318,2.00458802110246,2.1163480260548,0.646481466371861,-0.637513948712291,-0.269238901939904,1.36078230895566,0.16034830172196,1.35186510127021,0.230683690067245,-1.34931197717186,1.90149331602985,"Moderada Afectación"
4.80924294167165,0.57185177139996,2.71648037704034,-0.343362850362887,1.60719664349035,1.19001189892544,-1.89539790964355,-0.562530941822205,-1.96639795516238,-0.738279226629181,1.63919161185077,-0.587164993833511,-0.84850741709507,1.15424692109901,-1.23488218472176,"Moderada Afectación"
-3.42000957717934,-0.102928996652182,0.668711712672879,1.27507228887141,-0.865269788982248,-1.43636527364028,-1.95201562485123,-0.593481096526803,-0.951448404411279,-0.735868338927745,0.0531627632177914,0.130273253092168,0.78693869788633,-1.26327310118654,-0.177569730462439,"Baja Afectación"
-2.39737566980825,-1.40167335219373,-0.333843748575428,0.823741041320097,-0.170107229247563,0.803068819828838,-0.925143651908757,0.374783837356768,0.312819279413307,0.0863727689615069,1.94572821046585,0.998189547315409,1.14222300308433,-0.731366914439552,-1.58296523317362,"Baja Afectación"
-1.5598060427919,-2.15852043501624,0.136363800721918,1.17715381856514,-0.868905323385314,-0.443972370790063,-0.318190092359797,1.34367627627517,-0.297651184560728,0.672180520078945,-0.496994256446677,0.827489961737873,-0.307575702099524,-0.774225440374343,-0.473134526329499,"Moderada Afectación"
-2.45552354481117,-0.133958866265985,-0.141150102015276,1.08794781933034,0.933639694191278,-0.655263858571313,0.75656067315471,0.69428224642704,1.03594855331327,1.16231506318712,0.0439227287045647,-1.20535719519074,-0.508385486767819,0.183301738018749,-0.255042397188534,"Baja Afectación"
6.23581296134431,-1.03557433913837,-0.119164678520033,-1.32762216512397,1.08222285165308,-1.75238260520936,-0.504682952510502,-3.2917675281491,-0.78549428446901,2.28524783014719,-0.352630240888734,0.300421828080991,0.289161716013995,-1.56716555337206,1.75388903579746,"Moderada Afectación"
0.38896384423175,-0.962468392891814,-2.23229155906468,-0.33207493453477,-1.6720600687514,0.884329512625586,0.492594912507772,-0.132839113906532,1.25361607426835,0.105315612386544,0.517591118795844,-1.28519877046351,1.14261614979533,-0.14471732656759,0.171100687338619,"Moderada Afectación"
-1.76966539951197,-4.15993402968829,0.577198225545785,0.809179442570855,-1.22458069841626,0.837672521083744,-0.160656196974556,-1.40581217768778,0.479251409319446,-0.0281380637048178,-1.44854601003248,-0.883749599911689,0.147910744485475,-0.171875690338826,0.023478703712194,"Moderada Afectación"
0.587592467130479,-1.05331469378182,-0.338853914129983,-4.26678814368158,0.678774996936636,-0.352954665430339,2.07442193025803,-1.32965757695842,-0.0534570318640226,0.83184101310799,0.531806235050461,0.55726310578696,-0.459821960696331,-2.23009470288812,1.9965250085713,"Moderada Afectación"
1.18232916009482,-1.31924342144401,1.12476297504561,-0.841530353997093,0.733503646290901,0.792232617649569,0.0764644113188799,0.754081110913088,0.967720364341114,0.34029097505505,0.219148392672143,-0.277519598240063,-1.84305413189696,0.174798028366863,-1.44555667860212,"Moderada Afectación"
0.37582275005914,-3.49046595108394,0.099633981993855,0.0803958542095744,-1.30584808338513,-0.389617520252716,0.338257320047131,-0.229848629210181,-0.357139734267354,-0.0546812004098088,-1.1569329337386,1.60498048452017,-0.317520194938293,0.127485819257845,-0.266234863818242,"Moderada Afectación"
7.0716616353918,0.671658324128907,5.30807359615082,0.407265028748057,-1.95329607940843,0.891317573250829,1.30214553844138,1.59075524416069,0.487868516296496,0.40210124301959,0.549818030705519,0.552344516217023,-1.19819484858312,0.528136540261971,-0.305924654010402,"Alta Afectación"
6.95719914311912,0.505192594990462,-2.99718187145498,2.31201342476281,-0.304377165351847,0.315985405159471,1.64645524449369,0.614106642585153,-0.426472940343224,0.314223926640377,0.731427730877341,-0.780633843894412,0.307788415231681,0.247016798052998,0.704211106249482,"Alta Afectación"
-2.96263623942466,-0.348753669780409,0.86354315538393,0.744118849260426,0.994064503926653,-0.716236798949375,-0.113212478427893,-1.80641346729851,0.191411544308337,2.00010233336961,-0.616601486741674,1.09451305909391,-1.00489574707904,-0.360250510611555,2.60229820608006,"Baja Afectación"
-6.20226556044724,1.83069253348829,-0.617047340425544,0.399938356590688,-0.105536748479424,0.789238073554547,-1.56141705171648,0.465026497950596,0.327722436743897,-0.0748815273200211,0.339097314851736,-0.0251887393697006,-0.267305191140282,-0.230587918119979,-1.33173591355058,"Baja Afectación"
-1.54246735006281,-2.58053184229522,1.5475778821518,-0.280132347172217,-1.18515735711338,-0.239511234577932,-1.19242602417122,0.601788189416836,-0.615832815116504,-0.747274661953514,-0.520202072211042,-0.0383533920650198,0.414530191613968,-0.961521188250094,0.42790128222989,"Moderada Afectación"
-2.48911766615083,2.04816695774996,2.48472437702513,-0.121814360940999,0.948944567906512,2.78679699371661,0.0885077489226502,-0.0286529135215013,0.425090276136823,0.295473312099863,0.192314241896565,-0.261547954834248,-0.732562384937629,-2.17214301148785,2.31706740973784,"Baja Afectación"
1.10311266960974,0.283511490137422,0.633456552621343,1.00231864695668,0.172139547514846,1.29570613044919,0.437138184205127,0.228947407609664,1.39071464845492,1.5387011986163,1.50358893332466,2.53620195999411,-1.65571463103989,-1.66963511930059,1.80369393877551,"Moderada Afectación"
-0.702265303433196,-2.16992528567115,-0.800799168326043,-0.365996425156021,-0.938383770092097,0.10773356430626,-0.494163481606881,1.14633854933586,-0.755566566179092,0.135153728280452,-0.178727062605963,0.103653731808911,1.2542191354468,0.281268729551988,0.853243441030755,"Moderada Afectación"
1.70936036506365,0.604465601809896,5.8629844351148,0.214856063528105,-3.41520244651174,0.454724561963365,0.159527744360516,0.79749357810933,0.253762535225272,1.25394550887054,0.841977171905974,0.386581754288167,-0.932361965542706,1.68348259752849,0.330614031355257,"Moderada Afectación"
9.81868313804727,2.5925552367936,0.260438211430843,-0.478274750025368,-0.687409309756191,-0.53525004743759,-2.07699703212359,0.162174139504433,3.57668892475779,0.68089955368858,-0.783138805314352,0.86159989390867,2.81065857971531,0.829835502205828,-0.196745177094846,"Alta Afectación"
6.35623161637657,0.632784316844376,1.77586251390202,0.408829664971146,-0.781121522096335,1.48853294412091,-1.21920548274304,0.610591213830893,-1.46931243111407,0.947851768727744,1.05140438586597,-1.76929890792552,0.312945343209923,0.994248002721667,-1.00468475858886,"Moderada Afectación"
-3.38663333540674,-0.578086368587679,0.473600800676859,0.482997767307055,1.07744705830511,0.267047510934912,-0.178620352076286,-0.140944646534685,0.879505260165944,-0.634387850806771,1.91720661091113,-0.481488855220331,1.21963246447781,-1.30919046308947,-1.08022966844518,"Baja Afectación"
-0.555935243203372,1.90119803740209,-0.453164293188072,-0.543084505862639,1.23982466443438,1.18619360911512,1.30947757951834,0.719585316031931,0.529094435299066,-1.01979122651743,1.44651641963505,0.765756373511336,-0.656450761000797,1.19141806332868,0.487846030266095,"Baja Afectación"
-2.77516857186686,-0.423806303041141,-0.0161304701350459,0.115432239624607,0.06660339308837,-0.286787462672653,0.333490912349376,0.83828195034319,-0.371546063237801,0.177202825187103,-1.2061994396679,1.17953620839883,-1.5196243872138,0.294154846567928,-1.18941609229653,"Baja Afectación"
7.49906235809399,3.11164871823122,-0.909225572587746,-3.40020870036348,0.567508081135486,-1.26841689360358,0.777816722297753,0.66769796469745,0.383068948852604,-1.57578428490615,1.16522490854953,-2.43443402910956,-1.41395010009685,-0.212682404544157,1.15783031952201,"Moderada Afectación"
5.11835996878784,-0.578142404099017,-1.68171756263339,1.1020853624265,0.807207250526282,0.199126594375984,-0.669171878561986,1.61762349337861,0.170395716769754,-0.338552192304602,0.537022455228542,0.00965863333890013,0.170868084980501,-0.551807206872997,-0.185199970241146,"Moderada Afectación"
10.6829748389839,1.35657777310885,-1.69564265735448,0.665563768187883,0.247075873831,-1.58100615655135,-2.22937317184783,-2.42081138506696,2.47893191701737,0.367370156655451,-2.38077965273921,1.08291726681941,1.02090474764873,0.947094373618959,-0.977356328034498,"Alta Afectación"
-3.61518139190114,-1.89373758966219,0.872011583223191,-0.493976154201691,-0.860453870296937,-2.35332725941961,-1.63974489032517,0.154826709425338,-0.225204563557208,-0.0141505136664534,0.5243674283027,-0.84531947050752,0.218803967304857,-0.356144173702995,1.23284169927032,"Baja Afectación"
-4.16812246492585,0.231218500980455,1.15539059530172,-0.114049304596676,0.642843679157173,1.76908891071901,0.43161983423934,0.597135214579842,0.777660467943567,0.696980641770067,0.752321241285645,0.0683491524525835,-0.12566652478258,1.23852323920476,-0.652587956164151,"Baja Afectación"
-3.66046478046194,-0.0544884760681276,0.485362544455809,-0.451336955551943,1.55672223376846,-0.0600680846240054,-0.414290544025534,-1.49721314294267,0.0647192123183331,-1.81414875816575,-0.906957682319698,-0.667476575670421,-0.636999839317142,-0.128236617118722,-1.03620503472975,"Baja Afectación"
0.188814315720066,-2.53985014477267,0.717762055760321,0.607596145692705,0.515200956652321,-1.39119491943734,0.101588935476405,-0.203462042746893,-0.818755957305943,-0.946715374602731,0.286153015124452,-0.18073097555377,-0.192477686706182,0.589366681638151,0.624905474002889,"Moderada Afectación"
2.72241632789637,0.0794229096410229,0.0860117072582226,1.45324997234529,-0.319052464103106,0.381938897532925,1.44257899739271,1.89993634913294,-1.09447120853315,-0.155996549274059,-0.378123610379381,-0.228278998397138,-0.681538315070741,0.331653707275844,0.492974212996306,"Moderada Afectación"
5.32523667167535,0.214507410660794,-1.34134585977682,-0.151041802854145,1.7849963148351,-0.418435439709276,-0.0345612215927885,0.504832303310351,-1.41349917595374,-1.22962889241384,-0.786610980500913,0.694468783991675,0.414078730730242,0.38635316170761,0.416462412793697,"Moderada Afectación"
-0.699753475932876,-3.41149786870385,-0.202624549718771,0.64550710134583,-1.18469639433975,1.20043498817866,0.245284903215137,0.135367735529188,0.22278650901843,0.68580747485627,-0.401357637188008,-0.181922642419899,-0.165970266565473,0.936529981815752,0.466074064212197,"Moderada Afectación"
5.32560835172833,-1.62017523135844,0.741453074607706,0.940243866659964,-0.436718663158062,-1.82769692911447,-1.19209361704204,0.644703003136771,-3.78284649485992,0.26918248586621,-2.25595571164664,-0.294428929566052,0.462129645414039,0.218888928340377,0.285707092767944,"Moderada Afectación"
-0.714453595709436,-0.667116627222185,5.50242375842294,0.546823637139551,-2.74490431563941,-0.237139106924016,-2.07244271903619,-0.244850142000951,-0.893382815164959,-1.70403581565877,-0.49034961912693,-1.42632168592433,-1.4106599945455,0.0104524296235212,0.977581356771611,"Moderada Afectación"
-6.54808930608763,2.26924439896704,0.0070889112922294,0.0208063710480708,0.288930740852345,-1.53753527325693,-0.825644569458682,1.45929802120078,0.278257464457179,1.10706189239112,-0.1665013174515,0.302677298204566,0.142660587440181,0.24724957186285,0.340126005312804,"Baja Afectación"
4.52112919386958,10.8183725740112,0.772443045633009,0.831163911223502,0.613304491670925,-1.82349637666125,-2.04301510392976,2.23253191958515,0.313299258139281,1.39425014135258,1.78306956317424,-1.15461317101664,-0.984626402386039,0.338502727990926,0.0673333114100313,"Moderada Afectación"
-4.15485140144498,5.61971245328999,-1.58145835917115,1.70397202903029,-0.0664641667296006,-0.136856716497398,0.623108762016446,0.5416631147068,-1.56651340037596,-0.495328342519706,0.546916171381114,1.75022320158428,0.50755542479816,1.21123893210949,0.898452336613253,"Baja Afectación"
6.61741928193044,1.7064966380078,-0.679932977652831,1.6598357504761,1.84100269449579,-0.248933102543522,2.50733457961155,0.392415961335893,-1.01865552017202,-0.241968174607875,0.296034261986135,-0.344195526401175,0.0785335656875746,-1.73955739776279,-1.63749696312318,"Moderada Afectación"
6.98628588200332,-0.566302709419091,-2.04775582578755,-0.0088803573193657,0.133203244687737,-0.845074288716171,-2.1032601464998,1.06860346247496,0.209770958424222,0.351352126259131,0.497043634945017,0.839242299652136,-0.314098529300766,-0.254365450428098,0.396594946294392,"Alta Afectación"
-4.25176496515702,-0.434410677087274,0.135596415820024,-0.798152930412059,0.934452963236635,-0.00221558193051294,0.996025143480467,0.343541985416109,0.968934492475481,1.50822509543549,-0.191134567144143,-0.934020845632738,0.508683326482142,1.68107742092056,0.642700142378707,"Baja Afectación"
-5.11125613097319,0.154846529808647,0.0785593187758494,-1.07125796688032,1.25946875449449,0.742934549634936,-0.993611556030104,0.281363151481591,0.927006238805436,-0.662949678101468,-1.33194787044681,-0.93285414574982,-1.30480444289431,1.00836667568775,0.267455231807112,"Baja Afectación"
0.433582933415096,-0.935690161308642,0.541841066324949,1.16244021216233,0.128636442644387,-2.07657624890071,0.120933588534363,-0.959079842778759,2.33919305607827,-1.82741475556605,-2.5654037721066,1.07796591252299,2.08938531115244,0.302460226937917,1.32566167760316,"Moderada Afectación"
0.293654353523815,0.109103765931844,2.36627764004263,-2.42588616583381,1.5045787929098,0.156174267470851,-1.53512134300047,0.508059249457995,-2.56000893684942,0.22125727055722,-0.0450825482104274,-0.443685181559771,1.24472759624369,0.800774622750066,-1.11754910031169,"Moderada Afectación"
-2.93459418540654,-0.105612400631557,-0.976156343663571,0.398519392216135,-0.56485795017299,0.318174225352055,-0.994393549012872,0.520362243406394,1.28146519136279,-1.35988195171929,-0.435662643867454,-1.4976469263371,-1.15494508988593,0.0902548228307425,1.49712911545027,"Baja Afectación"
1.44808567571634,-0.0369955122051946,-0.494885799721629,0.732287382646124,0.0103852666624585,-0.807042573942924,-1.14981824705319,-0.46641673292238,-0.0804302202991788,2.13555029897071,-0.437236796751949,-1.51467766640642,0.366380036149535,0.867535553661242,-0.076534852968165,"Moderada Afectación"
1.68918787601139,-1.86872812937181,-1.56232091090295,-3.02821736372728,-1.99975684960713,-0.570617345487722,1.4038973616744,-0.741617109420848,-0.349385464677408,0.199114070376953,0.177846352876124,-0.355740480883321,-0.098472515766778,-0.322773141286682,-0.594963141342739,"Moderada Afectación"
-3.99577193484159,-0.348685192111629,0.0112359474249979,0.459413663418274,0.616585513885186,1.34513366256352,-1.2826463591591,-0.708527275691693,0.444123058356398,2.31752519538853,1.13701807326396,0.983391555403438,0.554942552435741,-1.66756667391803,1.15623595206937,"Baja Afectación"
-1.30618821911571,-3.10552659223445,-0.55185898849091,0.719713558531604,-0.37401623447208,-0.166347501065231,-1.35344389439379,0.916916555058586,1.52512089682156,0.0179187207389472,1.88325274448811,0.272936079239803,0.116423117858784,0.29566711082552,0.598867952031308,"Moderada Afectación"
-1.00198917295211,1.73598785432727,4.69131489551121,-0.759031758920138,0.785199631741805,3.01651348183543,-1.56557531913662,1.3896033962268,0.247175457175301,0.798075849170498,0.545303648228054,1.21046536908311,-2.45884753950318,-1.73778663466141,1.51120304631485,"Baja Afectación"
-1.35579354499825,1.2471091292306,-1.76712742015815,-4.2973547900651,0.756070780200085,-0.468683150196913,0.547897856034647,1.4506946016433,-0.539995163687897,-1.35106348297273,-0.0315065998929481,0.453192475890539,0.707710115155001,-0.15359546843777,0.434146299183171,"Baja Afectación"
0.950280696466984,0.400049726137437,2.13112216638035,0.722256130649545,1.04230742101535,1.35962249492538,-0.109894352275644,-2.08630381887245,-0.731887355750121,-0.644817061728871,0.0376537198329668,0.712273851967953,-0.613015753207876,-3.50182548577146,0.799104396261562,"Moderada Afectación"
-5.5494038795809,3.61517371371363,0.151479316632465,2.04745557288432,-0.948290159400261,-2.1395921841172,-0.637616151066126,-1.18665047612886,1.83361956874916,0.0409196616550239,0.0748484837496326,1.90498338123173,1.14701584711086,1.84739175348288,0.819029983847,"Baja Afectación"
3.86490600517464,3.06727673411859,-2.22818335835451,1.58768628216964,-1.3814920447409,1.25844263308307,-2.91392714870737,-1.21716478651618,-2.80930733072933,-2.1239682523305,0.557200971347075,1.39697597623627,-0.431889860175321,-1.02636867690984,-2.30885534594947,"Moderada Afectación"
0.768341824830196,-0.535811442494039,0.466384681808454,1.62768012281478,-0.220035190543165,-1.37487389287335,1.48624206295118,-0.773630506217269,-1.41857325692501,-0.905248476430156,-0.665511530942454,1.53465071009142,-0.353661771011635,0.312808798442011,0.225513839979641,"Moderada Afectación"
-2.72798140193618,-0.0894864782879676,0.881863803857183,0.808268167111271,2.09201761035856,-1.29720477058066,0.322400353981012,-2.97697309030989,0.692237972584202,1.57788448665251,0.525863242187488,0.161177776958318,-0.513502915373058,-1.13228685994869,1.97012458455015,"Baja Afectación"
4.13980993029612,-2.60966727498412,-0.991458728887152,-0.266603100518838,0.485849602715168,-0.176662543075439,1.21710193063713,0.455422881306189,0.256343577783793,0.115243854183989,0.60640263983977,0.771417589767653,0.250950046087459,0.365942289838745,0.00430775677186933,"Moderada Afectación"
2.17034659023862,-0.246815599691144,-0.530314532020039,0.74075283689734,-0.411895001192541,-0.123723992353923,-0.300708559377441,0.263775605307323,-0.91518240136153,0.84216081617983,-1.77609404193884,-0.32089892398888,-0.585148709080473,1.3602459822564,1.10582650641452,"Moderada Afectación"
4.26380283298154,0.167994596091628,-0.903648781174005,1.24651907694163,1.03590110605486,0.008177304324972,1.96824526587876,0.959899306587227,-1.39135592955466,0.181824472089927,-1.17619148637392,0.73609565370365,-0.906017405223013,0.949070843658547,0.183906642859114,"Moderada Afectación"
-1.92605192515737,0.0887118028347484,-1.21629967641629,1.90954744541932,-3.00098495573394,0.427904019960358,1.47191444889661,-1.401459384627,0.490635561216882,0.401806559719388,2.68969021606203,1.26289465264496,0.164906283987671,-0.632920336570274,-0.722178479218057,"Baja Afectación"
3.22474110808447,1.48684488263045,2.32525542730498,0.110896847084023,0.62529162161479,0.816323209936591,-0.118706958897352,-0.351073019742866,-1.13784794616487,0.272290893178294,-0.541781432605201,-0.0125525749105524,-0.419032053831674,1.79272936110276,0.260667395069441,"Moderada Afectación"
-1.46452402489712,-4.02622296384764,2.21119278846353,-0.420562730407503,2.07393080663289,-1.96877784225569,-0.0698359503386106,-0.425795063262028,-0.324456265966398,-0.192904292645241,-0.410532910361116,-1.43895310410126,-0.402314719841581,0.0939763791556158,-0.549987973248567,"Moderada Afectación"
6.06534920860925,-0.0563729999261218,1.18332872921927,1.77794635287832,-1.14257463760845,0.700227199809767,0.319559674519222,1.82052505943963,0.0130406590949189,-1.73362410262587,0.295624398688075,-1.97952050200934,-2.19973913406658,-1.23561726795277,0.67712242631833,"Moderada Afectación"
0.604763487854723,-2.16727582033474,0.392585555182678,-0.593952778266243,0.196067659231638,-0.609592282784347,-3.11815518658227,0.0370563497170005,-0.431510310324963,-1.12975288718359,-1.01138608361433,0.893978545680732,-0.325943212757688,-1.69414272715152,-2.17209240984752,"Moderada Afectación"
1.20284128765915,-0.531715677784306,-2.43045041887236,-0.0782586955096082,-1.15641692261696,3.64807718989448,0.714055820824412,-0.55385610544169,0.0580807095911561,-0.878536225604323,0.4038642902456,-0.00390580796592999,0.123585604930195,0.675612080597285,0.662192084244055,"Moderada Afectación"
1.44443783338918,1.1602471825993,-1.79054799741004,1.41307079720839,-0.187614136972528,1.33216691404512,-0.098340924798801,-0.209135995719899,-0.464531564795818,0.0558244250200645,-0.423756721949103,0.13203590277117,-0.98508071656826,1.44298550436171,0.448175203581732,"Moderada Afectación"
3.90788102950285,-0.443440112904559,-1.2042303577443,0.140601253584571,-1.50478985174071,-0.314564222657479,1.70107102180025,-2.43150846817355,-0.49973240718698,-1.45983192999461,0.132215849258574,-0.521358316381255,0.945279507293508,-1.30606455093189,0.118686156072782,"Moderada Afectación"
-1.35315650378037,-1.68251218021609,-0.123172908192748,-0.42843768412942,0.355646527691187,0.55723853074864,1.32927542813021,0.103181080261423,0.547658553254095,1.32537205257885,-0.0589582629899848,1.65580524709829,-0.556842067436765,0.812109328324959,-1.45195149378752,"Baja Afectación"
7.6890906605316,0.696006183176158,-2.83138974018458,0.296512237991718,0.457296527737979,1.06446836839216,-0.160444885499483,0.0489591624140473,0.248593779447268,0.339621198239709,-0.0858467090956823,0.138152345179201,-1.17114984610409,0.5665356942319,-0.364766010057778,"Alta Afectación"
-3.42669315273241,-2.55692296192701,0.948508866777802,0.278184928017963,0.477695652421604,-1.44860831750808,-1.06075353650072,1.556473610301,0.341989536489275,1.11381045196246,-0.184469753207288,-0.209092630087779,0.336864963894218,-0.280813389362521,-0.0187197896009837,"Baja Afectación"
-3.97362034971326,-0.527097540680672,0.838133804240447,-0.536218769666651,0.396611463216386,-2.44594491942014,-0.813297626605742,0.648945080725999,-0.541779090944082,0.350632427951306,0.999200935733219,0.19522993542661,0.54140460715048,0.737438525405535,0.699236685508044,"Baja Afectación"
0.997086561440431,-1.62343841488928,-0.553036539796996,0.0891208477196482,-1.39393591401513,-0.54160285276724,0.141402727364316,1.48078445267497,-0.57262296948599,-0.795901365722013,-2.34734721179544,-1.24463705334597,-0.451739772568423,-0.475829386685433,2.18767468653674,"Moderada Afectación"
4.44153231805983,-0.374749969550811,-1.7947553168892,1.45938266570037,-0.332980376453544,-0.0520024112553286,-0.752466104393732,1.88809210017289,-0.0936559016753984,0.337586912677172,0.818239333621687,0.145295197451527,0.70619773056418,-0.70902703023839,0.146672489968176,"Moderada Afectación"
2.86010485007285,5.46519181945292,0.890936619558275,-2.00569953238102,-2.02509039030766,0.410281405392653,3.54081256136483,-1.26373879262927,0.232124845147729,0.766921571735094,-0.126392312329662,0.0425821317804987,2.35316869083942,-0.379697597680437,-1.14354600955239,"Moderada Afectación"
-1.32746806352684,-0.0251560681525563,-0.52023856180341,0.953627441298925,0.204645468343653,-0.601254162765293,-1.28428934754143,1.64020736032782,0.484212220783778,-1.22759048626355,0.490441408024645,0.262166190214309,-0.317192457353562,-1.0080059989464,0.547289590548321,"Baja Afectación"
-1.12123696386502,-1.48715132106979,0.438534470053239,0.0934820516000837,-2.31323716649588,2.16170452647993,-0.530719670412578,-2.03223546685736,3.00133224601779,-1.08143375055226,-0.483620657539597,1.24947379433617,2.15342327229603,0.81556538742879,-0.197735449682471,"Moderada Afectación"
-5.1442310517015,0.113638835459179,-0.484964404433614,1.24672196891221,-1.88151256824746,-2.09292958297053,-0.543954754219943,-0.00960320764808434,0.970235303019777,0.796105633075163,0.209846745107832,-1.76327262367334,-0.233653547353267,0.031077457960097,0.897429920399566,"Baja Afectación"
-2.22081789570958,1.14184406206561,-0.042566734625955,1.43172314192576,0.853202378411371,0.499840088030334,-0.501182324913465,-1.07380727593519,-0.92400451748684,-1.27146869049755,-1.70788233527168,0.0264042972824605,-0.817879386100146,-0.280360554100928,-1.37004878102518,"Baja Afectación"
-4.53805998211515,0.68654913493466,-0.146693929910976,0.803033042345311,0.136523726288941,-0.483643951432799,-1.05569044093326,1.06145665156357,0.132109772899731,1.0905090203258,-0.216067463695562,-0.874462254619578,0.42609745185137,0.175333105488174,0.590945585067923,"Baja Afectación"
3.60129335853475,3.01911694835406,6.83170480266527,-0.63296824298107,-0.106189120700503,0.0414379846384767,-0.641592483022565,0.159273250167936,2.40583778390581,-1.76583397867291,-1.59401058520462,2.20944269515391,1.11346727122716,1.29965480319211,-0.695400468202638,"Moderada Afectación"
-1.19254443849878,-0.619442950861821,-1.2158944318797,0.306697415482971,0.102252431557952,1.12022981478599,-0.873949292921349,0.460247272798136,-0.0842003836287553,-0.0600729279202026,1.4653252199558,0.150564847101795,0.764003362886428,1.26140707833662,0.989364055261409,"Baja Afectación"
2.60719357208898,1.66539523463106,0.125406055122702,0.179517731403432,3.1001283056302,0.692003915305895,-0.532925887006401,-0.863274196519954,0.135171271303292,1.68788782444189,-0.329906350122637,2.86263426976904,-0.533017802741958,-2.44866813556619,0.861645563700322,"Moderada Afectación"
-1.85237483642019,-0.597372044597661,0.0204893860301881,1.57855464473138,-0.751893286899522,-1.58008053278697,-0.985628688488246,-0.272231267952528,-0.604858982035792,-1.60825699780535,-0.214060151771757,1.50247394764912,-1.29188524957988,0.552069077826399,0.598231813694753,"Baja Afectación"
-3.85788404686884,-0.296691875193273,1.85785582527892,0.705684345809358,-1.25956065286895,1.11107342986955,0.720804316016749,-0.380564264445153,-0.182870825091627,0.871146399294374,0.317476528358859,-1.68247232128727,0.894190448617033,-0.324909454852951,-0.476069893702016,"Baja Afectación"
7.65614974622723,2.58401755559949,-0.713794047154957,0.176354104217433,-0.7636014429497,-1.17738579883842,-2.06256787279045,0.97086565064657,0.774656590385836,2.98273724275892,-1.08702921115796,-0.174626957553859,1.72876984880426,0.0557814783412188,-1.12487125215183,"Moderada Afectación"
-0.141787806879195,-0.351428278163005,0.0939302264017113,0.644238788190793,1.47028307806359,-0.468223290012096,1.87246888707837,-0.451089826726071,-0.660114953146418,-0.898049121579607,0.893591438415049,-1.34801655627422,1.03667457282796,-0.117166444365526,0.0709452667118629,"Moderada Afectación"
-0.146781032147816,-1.88591338999216,-0.225472185779402,1.19326563343196,-0.871884666718021,-0.261913668358668,0.213213967086162,1.93351280536225,-0.669889702656047,0.452506606111893,-1.05726198661309,0.145028664001537,1.07754924585194,-1.21174940162562,0.249786308943031,"Moderada Afectación"
-5.93399731902696,1.61423491195036,0.466055767391302,0.849896061761566,-0.434437476121554,-2.03855279054913,0.0581386396353907,-0.649101817277291,0.0895019792313239,0.914549851467419,-0.815022831839081,0.465744716170321,0.231092908037581,-0.37455955588672,-1.04750292824088,"Baja Afectación"
7.13250524222918,-1.22488784215362,-1.0252674517525,1.77042247915845,-0.196527905246333,-1.33828724133373,1.57067334085907,0.0854323711701998,-2.05838000169821,-0.186845847529021,-0.601133662789483,-1.53318583712826,0.556987126928896,0.360598875758403,1.05772600668658,"Alta Afectación"
2.25269433397853,0.307187066719843,-0.871732608280006,-1.66171687654701,1.22723529366601,-0.304370061944698,2.14189651926389,0.850360903983323,-0.533773950738529,1.5002238557135,-1.3005764620953,-0.0127287524570607,0.136631377399366,1.84458295585195,0.316644940833019,"Moderada Afectación"
-1.39892856792611,-1.41663488080063,0.441960423688513,0.366141482880225,1.65235050256837,-0.228667464692784,1.2609695039328,1.26126477706367,0.765891923590078,0.21816146197131,-0.0634928643402115,1.03779001197451,-0.411244406368983,-0.320820235126599,-0.773440834526057,"Baja Afectación"
-2.77800056442849,-1.35649736217069,-0.747833587998211,-0.0782883858600047,-0.70251801816999,-0.998454827412992,-0.969302039954406,1.0992878409322,0.613661263000888,1.06232404596957,0.676136764410025,-0.162571388778345,0.656638339922428,1.0023960586018,1.34888469267149,"Baja Afectación"
-3.52224994630347,-1.84223768866101,0.732319135564723,1.3059121215035,-0.828312926132861,-0.731611806889379,0.585650417167809,-0.708662763150422,0.728798153516574,1.43151610751994,0.408256113030395,-1.05898605423501,-0.00610204793576924,-0.0103355162290501,-0.631063807423642,"Baja Afectación"
-2.70824953707473,-1.25001585134014,-0.350671987904638,0.486020569557278,0.72628266741727,1.11079270195983,-0.646934617719986,-0.285819942851281,1.78106887665822,-0.452247477898728,0.462210689299608,-1.64387848236453,-0.202920549217367,-0.738156527980846,-0.565053524157167,"Baja Afectación"
3.10620473776046,1.05036171047693,-2.39681399047628,0.520656603746522,-0.449151423434095,0.100303550489102,-1.2294508249624,-0.000558497828489185,0.231070271933404,0.927408378279551,-0.0977880742701309,-2.0496265178488,-0.562273118109158,1.63191780410334,0.779697361187624,"Moderada Afectación"
-4.6158818544359,-0.552290293095588,-0.258829766618248,-0.123220193173369,-0.289210279547204,0.754174585425951,0.796812948860017,-0.0357222724247731,1.29157982139805,1.732286636604,-0.324177950774059,-0.370568311030253,-0.213940617881163,0.683152116581412,-0.475600479029674,"Baja Afectación"
4.68259782974149,-1.17529895975531,-2.61282664215664,-0.906034121265325,-0.688207013995843,-1.28441403271628,0.251200612505573,0.834160834299272,1.79228323391276,-0.94130837584498,0.541944245743971,-0.893117574438092,-1.06118007603385,-0.218300751784577,0.972591403891218,"Moderada Afectación"
2.68962477891686,-2.1900068103248,0.255989585410229,0.250599673324848,0.0539302531533195,-0.887820331757398,0.173059890009362,-0.0430230368098502,-0.40754252109487,0.0806629495956282,-1.74054035049288,1.13904385041482,-1.01820878060087,0.196031570107553,-0.998728934461272,"Moderada Afectación"
2.13585714834665,1.70841945869664,0.666264091855714,-2.88933177036485,-1.31163529660478,1.8104023444364,-1.2703384569675,-0.409991468109133,-0.90709952046199,1.33932532113268,0.928206463159782,-0.0541714175356271,1.34404029319836,-2.14417555054781,3.03732360166236,"Moderada Afectación"
3.43993249879675,-3.04133890937777,-1.6058466968513,-0.993736354624752,-0.963947791019006,-1.51720873233056,0.744541107394877,0.627538675802402,0.767565147525827,-1.02177261977662,-0.353639311867826,-1.19749481640987,-1.31253332120714,-1.08076496461607,-0.0149050747950208,"Moderada Afectación"
-5.97438553609811,2.11672683024741,0.0392114880146842,1.13636416592193,0.260253289379558,-0.627154339025422,-0.182578212815377,0.200579737593113,0.447632088793869,0.811041535578626,-0.534926138609097,-0.725828586338567,0.0501694652446834,0.106382841487369,-0.0633962974503328,"Baja Afectación"
-3.03714772303544,0.411332509427827,-0.679081608669082,-2.43243207250107,-1.08093957168184,-0.953148292638565,0.0448558754813576,0.20991829329412,-1.05709831662681,0.111298767646387,-0.43687119898263,-0.525533505535513,0.431391793130092,-0.683977749025532,-0.496607124039691,"Baja Afectación"
0.717964339634203,-4.45749735685262,-0.0895901193802492,0.384645353519823,-1.20654594338008,1.04578259727056,-0.787948910418256,0.635985569397821,-0.668843030658051,0.935335645832658,-0.232686858790281,0.00103410690425926,0.970660695183208,0.60367599789763,0.172811197781078,"Moderada Afectación"
5.5939904227355,0.761605285455227,0.263198282693835,-0.653557797084947,2.64911378019871,-0.302082311345234,0.207835349724753,-1.95938514993461,1.50872201730383,1.02336313620292,-0.652039306543201,2.39846191147742,0.472326894247017,-0.0745290671852345,0.813947414649645,"Moderada Afectación"
-5.06965607725504,1.30844423879595,0.278511702865864,0.604899981861316,1.36968383641622,0.958899632302379,0.367908481367421,-1.39352392191396,0.256309053988007,1.78866727718104,0.114792813186501,0.319780893628033,-0.211924724675629,-1.76340861187132,1.23365840151131,"Baja Afectación"
-2.37395654372183,-0.0279089666942942,1.04160027623488,0.905478333350169,0.81664786631878,-0.370695376492561,0.657992595542645,-0.590134846205885,-1.09352294015095,-0.701670176989187,-0.62105208031392,-0.945956948525872,0.198252375560629,-0.74843536083471,-0.967882873337033,"Baja Afectación"
3.91784280463265,0.300395521304872,5.76306520198334,-0.817324357242116,-0.189457254838382,1.61636100976863,-1.08583802752354,2.55526286489232,1.6969493694709,0.729923016776672,1.16495692465802,1.32497688836799,-1.27208936117465,0.150046946508899,-1.76993961114505,"Moderada Afectación"
-3.85106579668641,0.434855104149073,0.145190993153137,0.339239880325237,0.722550971836537,1.58518997721787,-0.123580644234615,-1.74612130789487,0.0124171452203926,-1.3458429532815,1.27792816973295,-0.80171676824102,-0.211021406919915,0.811432924534525,-0.828497523731881,"Baja Afectación"
4.96832628764224,1.73985717226704,-1.07861419945031,-0.869379534054482,0.722616110488082,2.0633834535767,0.942318730068089,-0.286036183750909,0.333268939684465,0.841230227869901,-1.72643142845876,-1.95255237396854,0.613135416054145,1.54819714108235,0.412708650858345,"Moderada Afectación"
-5.48757193097119,2.67849331446585,-0.0715856023512249,1.19192198572893,1.22033534027348,-0.873789521354778,-0.871897791270968,-0.618963976264123,1.0204017633202,-1.57832135092179,0.0157444216921728,0.581355009733282,-1.50004529047053,0.515881146803679,0.362372973892353,"Baja Afectación"
4.00708531555492,3.67628957404261,5.81793847132543,-1.13604606731142,-0.176627286221066,-1.86363517084284,1.31250752359368,1.77531063994439,-0.148567409148159,1.91768655857323,0.13542438406761,-1.92186947641103,0.457799812726429,0.671437576211184,-0.14663604682856,"Moderada Afectación"
-0.342348707783849,1.61648025489468,-1.00590342518631,0.611480927332394,2.13090855603257,0.471283879164945,1.20701308786151,2.01839267989731,0.0836299300919956,-0.269436983800358,0.125241870151536,0.358040895977453,1.05649195923872,-0.847838183520385,-0.0745892428317118,"Baja Afectación"
-2.68167592632406,-0.860443767728027,-0.0323008735151564,-0.10905240220968,0.71218391070071,-1.46722609947325,1.92670883992312,0.439006861625337,0.922764817791728,0.812856580318399,0.0349957402445586,-0.456051000693223,0.512031799474482,0.482671016186124,0.862015792825488,"Baja Afectación"
2.82999853887177,-3.49808886010822,-0.552796716830638,0.780004955481799,-0.0653591937302416,-0.814186560446263,-0.349022840263302,0.102321066586545,-0.188183368148472,0.704294153148981,-0.0565320502333334,-0.474870428076331,-0.298725571957799,1.46837769148047,0.232885338113137,"Moderada Afectación"
6.08582265256341,1.01235809888638,-0.944836617426419,0.774479296738952,2.48991120312726,-0.0873554150544798,-0.286095376778376,-0.983647383001681,0.459004413996641,1.01766127048147,-0.834611990471181,-1.04874860009014,-0.225240710421257,0.0999233445427307,-1.58720602024121,"Moderada Afectación"
-0.42032073048428,0.248704975705297,0.704226548510365,0.623232858829925,1.42912280470919,-2.10908967549284,-1.80991877916234,0.650840882141441,-0.379538088315592,0.255448540505871,1.0539707656146,0.0574915154307245,-0.188664037206208,-0.863314086160369,-1.07932897955258,"Moderada Afectación"
3.71125672593409,-2.75479359251758,-1.08081300778771,-0.0798059746656706,-1.39846196764487,0.593705856468647,-0.314972771874942,1.33582167924714,-1.28921408217635,0.497079799532173,-0.710403548074034,-0.115675244347997,1.44585648222261,-0.122997715507693,0.754562183775015,"Moderada Afectación"
-1.38359941119504,-4.76094266148826,1.71973455728612,-0.379170738926598,0.288528622457009,-0.934536547668558,-0.533738808152356,0.273036830929128,-1.08444145875366,0.278134927215952,0.45976639835858,0.0681980776972028,1.13801487596612,0.280395000681382,0.0395861127455399,"Moderada Afectación"
-1.50655450473441,-2.87402482970202,-0.250463602295059,-0.135697102777873,-1.96959115302133,2.4190945175042,-0.12348232739466,-2.50510773575629,0.0601583872025889,-0.394740319869477,-0.638356119744064,-0.425531284293555,0.311159727818462,-0.492668224384314,-0.570170331380699,"Moderada Afectación"
3.19626689334368,-0.996993401363043,-1.17014721778985,0.930628250728017,0.43186104948342,-1.07021747674612,-0.543943078202419,1.46918330033184,-0.65407401716716,-0.108159190324786,0.653183762273632,0.554531252106852,0.94112130802072,0.405829684404769,0.905995119137863,"Moderada Afectación"
12.6297613121187,3.54232087019495,4.05469066264676,-0.190074007897806,-1.81432085783579,-0.942260562122455,-1.60094468870165,-1.93273341763271,3.45689233954086,-0.336928669467084,-0.399491340852627,0.230061348955566,1.41493874050615,0.832883137382277,-0.210210571795266,"Alta Afectación"
-0.560561823799109,-1.74374985414594,-0.609465294660343,-0.204958318479948,-1.27063151131068,-0.12271583702023,0.697972421141293,0.319361774506267,-0.652684914514816,0.555437099382359,-0.396713734080903,1.10201997829281,0.0264066224730649,1.22453232367496,0.928284924697699,"Moderada Afectación"
-1.17845450430562,-4.33180586935723,0.248568300911941,-0.677503302282963,-0.89380306885167,0.583577657186319,-0.452002059203357,0.983572401424658,0.373871857450555,0.498720341464393,-0.225882877610762,0.131204291901442,0.94432108138661,-1.28861211767109,-0.474102790398436,"Moderada Afectación"
-0.984637863343818,-3.4438243841027,1.3187002257384,0.967070338648102,-0.387704174723546,-1.68340724589437,-0.798585607959707,-1.08365535397963,-0.630531401268833,-1.12983255110626,0.699751915478743,1.65293437509791,-0.604846141260093,-0.0529825468386205,-0.475434437242511,"Moderada Afectación"
1.84855640939104,-2.5139467224767,1.48779955531901,0.472473709489516,2.45252371804248,-2.30447866368985,1.31864651937765,-0.768035282877263,-0.363867472200336,-1.45487176640012,-0.113422545557266,-0.461226337021895,-0.119187021104349,-1.02843920419901,-0.722643824332809,"Moderada Afectación"
-3.81274317783037,-1.21536725364206,1.01371555101885,-0.0632927261699727,-0.35582096386836,-0.405017438917089,0.715797794446154,-2.05172476643774,-0.350567564741204,-0.182062038793534,-0.600190990109657,-0.75851190546105,0.269322995024569,0.178163306625496,0.282167744259846,"Baja Afectación"
-3.53650688549831,0.17035991260432,-0.894089109358239,-0.00659714742278211,-1.6574538217719,1.70825945120811,-3.04393469768852,0.345185511432898,-1.33454127987645,-1.4501099161478,-1.26397566489796,-0.413680228691735,-0.414497104835577,-1.0288163795676,-0.197428807637804,"Baja Afectación"
6.96542643331125,3.00899514412714,1.35675417463041,-2.67142559458801,0.0382060499483156,-1.27784466537015,-1.15882539741396,1.17194212321704,-0.925277379626082,1.82155402637005,1.24349263633189,-0.487825178963181,1.06432816485113,0.00563071404565071,-0.765525891813124,"Moderada Afectación"
5.57882557617417,5.57005360369981,2.2506742926265,-0.81488177676941,1.54187165296681,2.39778753231157,-0.318366523905048,-3.87169336284825,0.540242145175083,4.79205649520022,-1.4339506875886,-2.86853351884006,0.331873585013751,-1.39129649255134,-1.19351022709102,"Moderada Afectación"
-3.19708456986252,-0.519688951661204,-0.202614505290226,0.580615616329457,0.70234844947111,1.23199692819508,0.239620261109967,0.240009016612559,0.945171219265675,-0.354117508276394,-0.0653201084994556,-0.259221892233546,-0.646169371993024,0.115773730559738,-0.121788472679439,"Baja Afectación"
-1.39632076738896,-2.07841714454428,-0.192332037871847,-0.105056834689523,-0.897023825163392,-0.141812181085356,-1.13626909430078,-1.17526246243728,-0.593988378372417,-1.0646366781422,-0.778652742142539,-0.0410656234707446,-1.03306835737096,1.03890351665367,0.347079248602001,"Baja Afectación"
-6.43102219117063,3.03938625187146,0.251497019449194,0.358942551472414,-0.487211438299255,-0.893310915772911,0.0926733142005023,-0.948540677016809,-1.26226535887474,0.0824883731954035,0.231895893709355,0.0944271521228964,0.0242590292958921,-0.063746488511806,-0.712799722742711,"Baja Afectación"
-1.63483604124627,-2.08289013583257,0.675277084827151,0.623236155012813,-0.293046459627501,-0.42600790741341,0.32411557838693,-2.02729740671818,0.070945313687096,2.53626342876536,0.922916590191658,0.345160247879848,-0.262320044722167,0.0228964346672873,3.32009095650739,"Baja Afectación"
-1.87923366202031,-0.28412225645128,2.46342000208352,0.0804948671071873,0.156588927764903,0.555859226245156,0.613468599987328,-1.91382209163453,0.257567383361095,0.258115492419107,0.434124095569018,2.48365660504835,-0.177699014533768,1.33458350542617,-1.60984308431939,"Baja Afectación"
3.03904134126734,-1.8872452610401,-0.255491165578286,0.34439078881918,0.214017642149316,0.508547416968145,-1.17681117972957,1.18373098993126,-0.509885686272938,0.0426452508740096,-0.344453640944461,0.652577300011124,0.120008525657234,0.146890385629742,0.0799970419449223,"Moderada Afectación"
1.9124519763399,0.0515364248116792,0.445244425056474,0.270295670872449,1.95930090439248,0.716741297121355,-0.977138996314095,-2.21624453788099,-0.582140010881361,1.81348666480043,-1.20986001711521,1.5269076153108,-0.842880501095151,-0.439422889217767,1.29465918450607,"Moderada Afectación"
0.433510988907408,-0.566674869476625,-0.0142964481408879,2.05163784672339,-2.0840518513355,0.693288863755497,-0.734252231053834,-0.70560533830302,-1.06112560958511,-0.202443967253342,0.524864337968007,2.2563344861604,-1.83661043329012,1.38058408154747,-0.647506443743073,"Moderada Afectación"
1.02351038028039,-3.09910124457407,-0.248346691856703,-2.0460769315532,-0.641117843799418,-1.39820707187892,-0.266209085770628,1.63550673628049,-0.341491166951084,-0.993122357164793,-0.981338912936277,-0.201753898718873,-0.03470174939254,-1.77539974049889,0.343257768730606,"Moderada Afectación"
-3.97806863827565,2.04761326406248,-0.896206736327852,1.71823332676767,-0.805471876215272,0.468802661260331,0.413013256684116,0.0112645778967436,0.197023094504928,0.128728434069357,0.501123195129537,-0.0463655621675569,0.651116573547528,-0.850019773028459,-0.215406092948487,"Baja Afectación"
-0.222947017117842,-4.277466915086,0.880152592011832,0.385939884472047,-1.32545130280873,-0.319270262373554,0.538903115886668,-0.870638554331166,-0.986674377715362,0.495141727987573,-0.0166576943393861,-0.31540588888724,0.400869735196622,1.30221871929915,1.04497769528286,"Moderada Afectación"
3.28914968199774,0.715971922348359,-1.01936713556839,1.08591711507267,-0.360685285472158,1.05023659077387,-0.0560110551801562,1.05225251527237,-1.19150812459177,-0.627168267275808,1.91659976491815,0.00577754084864535,0.645500979864211,0.168742643041413,0.347567837509813,"Moderada Afectación"
-3.82851267960624,1.31558842992632,-0.124298230179698,0.963795330185353,0.55324996493502,-0.857966058405564,0.613662853324277,0.802572913203373,-0.560022848905348,0.716542161529208,-0.259420858068333,0.815022075309353,-0.00886257526440883,1.5384815427992,0.175293244476997,"Baja Afectación"
-3.35322536981735,-1.36643093763788,-0.906904412399482,-1.14435668209681,-2.45862635014201,-1.22320512233553,-1.47332995628424,1.04155829353235,0.770920481601729,1.44315701220929,0.360591188352369,0.157241722481111,-0.432313197617074,-0.66480613241466,0.0394105806407368,"Baja Afectación"
-2.85582685223234,0.855538728509268,0.390090104543965,0.762365991233565,1.70758816995347,-0.501069300329791,0.109542395037051,0.839326360752727,-0.390648433246745,-0.275015964146591,-1.12385830606897,0.636362306840807,-1.89560648769371,0.321861626118137,-0.879069879055526,"Baja Afectación"
1.07132095845696,3.61267936919524,-0.703469032262665,1.6143347707698,-0.475970136136161,1.872762205684,2.48223225110713,1.81644087864644,-1.08821636193723,-0.264045031084362,-0.274027910101456,2.0067605384462,-0.620040724153294,1.11996169195595,1.4008914093917,"Moderada Afectación"
-1.62667988461725,-0.685386779671114,0.512353594468844,-0.052369280550929,1.80133542334493,-1.1567607877138,-0.27379907000176,1.47051624848797,-0.483163486963685,0.0586788123033026,0.188597360080679,0.869804051655594,0.203077933475005,0.124739787484114,0.0744837423668623,"Baja Afectación"
4.24698228934566,-1.59245878994262,0.672115083893884,0.656342476219921,-0.803441136746958,0.643343436650972,-0.204727138753048,-0.122761887475105,-0.179874731493349,0.19638001136114,1.64870730535907,-0.643236815915042,-0.320189676985145,0.712073134112715,0.0386772345328716,"Moderada Afectación"
0.409356947475353,-0.465733621158481,0.822756669276616,0.172428999146577,0.0868153964956341,1.89993245346584,0.893238212643683,0.785237805256977,-0.73581095702685,-0.843647921307913,-0.50688505201738,0.27105983950329,-1.0951995938752,1.54571945257863,1.1076863121028,"Moderada Afectación"
3.67239943684711,1.52829367571241,-0.603820049571609,0.266975508242885,2.78376352285483,-1.17239965672726,-2.22814925394359,-0.574295341082592,-2.76275412757323,-0.36949527705359,-0.991809019012936,-0.642627300491002,1.09249774183836,0.783006151618945,-0.77495375168031,"Moderada Afectación"
-3.24533153547028,-1.35248111947987,0.733049198105551,-1.20933305881853,2.4416436545655,1.45830565432646,0.183744081516741,-0.38041605412175,0.369656442275746,0.463139839756428,-1.32462904081233,-1.56056257372467,0.199970751636566,1.63093508239928,0.349628863711595,"Baja Afectación"
-3.9017060851697,-0.82653294154008,1.64712693134417,0.396293576675129,1.22915033227895,-2.04615680748548,-0.806582821848101,-1.42171634912807,-0.617487585188094,-1.14967344863635,-0.137316908938274,-0.0557806835571311,-0.802470387522344,1.5546330792956,0.391787829337468,"Baja Afectación"
-2.54787189051015,1.00443210823551,1.07312450363569,-0.0299705762808555,1.10382996510497,2.34832684544534,-0.701411991947453,-0.257403392897808,-1.14199886857306,0.219849338920272,0.432985115433396,0.688379446469017,-0.256118340101322,-1.29499681346032,2.11786104576707,"Baja Afectación"
0.661141462990403,-2.86953822730396,1.07803223266496,0.08670349257692,2.27310395956543,-1.14087018456054,0.0377767364535812,0.319665007663574,-0.643146946915437,-0.838553773226423,-1.2483071135805,0.447763576754044,0.0740361846528461,-0.728347275087603,-0.635643340158705,"Moderada Afectación"
5.65515935610759,1.08218706590242,1.83676467795014,-0.148230005122242,-1.29202250172542,-0.622165840820372,0.207233779277369,0.730084842709017,-0.295028571664024,1.14158049268679,1.14261818914671,0.445997366773443,1.20014674885345,0.075616021892544,-0.652221923369481,"Moderada Afectación"
-0.297876933268151,-0.0276414994773953,-0.448059277146311,0.465305357519183,2.10878395815681,0.53919131778275,0.975198910071646,-0.450701497197421,1.10860378541207,2.06616043856325,0.638170903061311,0.60452365258062,-0.756577120193433,-0.716185089435327,2.15821714508144,"Moderada Afectación"
0.0103816564397313,-0.625165240501956,-1.2221652136291,-3.88232045310588,-0.789487543294358,-0.882481294082492,-0.359607474978995,-0.119309411185006,-0.716045548255442,-1.23590271321225,0.426118821022661,2.07231021409624,0.14624303150849,-0.221139512028453,0.00146163060041683,"Moderada Afectación"
-3.41235409390986,1.59747260793624,-1.4493219475662,-2.09988270649742,-0.895959212392319,0.883507692640724,-1.73150156725905,-0.10747083768335,-1.58445115775575,-0.198979648644763,-0.145186515641209,-0.0790090606926366,0.418090554679786,1.09427179381637,0.032821564139907,"Baja Afectación"
-3.51744945361829,0.891140911384011,-0.236701831111457,0.796265824172999,0.689900434274218,0.521305555090939,0.169207063903403,1.22196843042699,-0.550766895837784,-0.236332982158047,-0.283551950277529,0.768818054907513,1.07071922861932,-0.993315272164583,-1.06229102701093,"Baja Afectación"
-5.13078936675337,3.17263041137501,-0.966391064288469,0.518816929205114,-0.182496994851496,-0.99819800048514,1.05456647865051,-0.219141178629062,-0.332735251755059,-0.474704451917557,0.584752894797445,-0.515125797358832,0.876196044613702,0.537643242275719,1.1467094485851,"Baja Afectación"
1.58509850364391,0.976374101115377,-2.24120772515113,1.34927040838855,0.326795463105123,1.3883631041759,-1.7368884263989,0.304601466795856,-0.54115330319894,-2.09147414011208,0.317444902762586,-2.92544546051831,-0.0302424917000003,-1.05907189901133,0.213262248190983,"Moderada Afectación"
3.70004534153907,-2.85214243439639,1.84184929991287,0.620938871786203,-1.5954576029545,-0.858681928004649,-0.428456775783797,-0.654180603427905,-1.92866801150854,-0.17567932425217,0.734166253449317,-0.370391154539788,2.17495884122696,0.165151890116696,1.11634612057176,"Moderada Afectación"
-5.71161439464093,4.35352125420275,-1.92172476196695,-2.5534795501809,-1.33278486670406,-2.37739707925732,-0.263892658994866,0.801726875350337,-0.910930865607803,0.199934110440166,0.195364256863668,0.592530582819339,-0.486621879389207,-0.153489011752587,0.342215149331268,"Baja Afectación"
-3.1555775571312,-1.05867985719217,0.902953786904412,0.123219311422112,-0.829674496192482,-1.61456313100579,-0.0350804003867473,-1.67991713017809,-1.04697619527866,-0.367818362380278,0.291384267559718,1.65352067213519,-0.426620786167074,0.870375437847647,-0.291714110592627,"Baja Afectación"
-0.1166070849399,-3.25434874288162,1.66748177507657,-0.240069431841054,0.60316453279547,-2.37520723405633,-0.922043101426481,0.0533801142209793,-1.06629786868024,-1.41431353649098,-0.586997791556658,0.598842858214778,-0.290550005884307,-1.24099224876128,-0.894396165720017,"Moderada Afectación"
4.44923476558447,-2.64109765303794,-0.412141344106486,-0.187511293292454,0.699228016226618,-0.807115141569207,0.833283029690216,-1.31865420178426,0.212448319861364,-0.1922094278029,-0.0285034323390945,1.6226289604081,-0.818386892838798,0.607985820448729,-0.604771540530825,"Moderada Afectación"
3.9990784123289,-2.06937122113903,0.925790396121786,0.00645882321801876,-0.819017081614941,-0.510474886105656,2.01566833627188,0.833529355901635,-1.063684708725,0.409405240162513,-0.396789405786506,-1.42947111998265,0.625394151025627,1.03159651463767,1.46569057267458,"Moderada Afectación"
3.20166551143747,-2.82267263507382,-0.877147757764795,0.838826961842676,-0.6211796380301,0.200011876809356,-1.41281590131945,0.993568610925905,0.573820999285985,0.808617256832759,0.939976563050409,-0.204034240194101,0.617230811734743,-0.177626797278052,-0.678494904568427,"Moderada Afectación"
1.06274323296363,-2.18041063245575,0.490070904047934,-0.657624530921369,-0.471984253481759,1.35737551880403,0.103891863018318,2.31181319380375,-0.0525399930508549,-0.850655194432042,0.829889855590563,-0.0444993301431396,0.300306273100711,-1.56296217081587,-0.00473444431520714,"Moderada Afectación"
-1.49348514196429,-0.537582766384519,0.312643084472461,-0.0735690324945143,2.3186729191757,0.362913682564436,0.0415777472089479,0.448806982081902,-0.00810534535965368,-1.6413727874673,-0.290125339179197,2.39334393076095,0.331570154143565,0.346380088999921,-0.467532756510544,"Baja Afectación"
-3.12944130490867,-0.0344701295758847,-0.481579138758399,-0.150930920563119,-0.485742708943554,-1.96547774108619,0.343736428227277,0.425802159316284,1.30266928569841,0.160104542551905,0.0189552056747267,-0.832858346446929,-1.54723464765687,0.0954148303101096,0.735395126795204,"Baja Afectación"
9.32149452177792,2.36521155015626,0.871851136374209,-0.295776398906051,-0.965032751943598,-0.544660588975185,-2.85280586850775,0.00206185585309642,-1.72013910491178,1.85699625851677,0.455190137942265,-2.412411192522,0.193636598917375,0.866629619532948,-0.121550274182018,"Alta Afectación"
-2.36427354584869,-1.77345677308863,0.499721450258083,2.38098941930224,-2.57654176405863,-1.27081149507507,0.809056589072568,-1.1116404130222,-0.427097721779413,0.56450791519951,0.687898900184658,-0.0971246093915393,-0.301773246332956,-1.14829299296633,-0.960711254505615,"Baja Afectación"
-5.10297669353453,2.26118919735778,0.559196893499662,0.856193784708876,0.755584616672264,-0.430063902784534,-0.523728208749437,0.390877061738792,-0.754226333498049,-0.566833379526246,1.57662551670464,1.47731755330552,0.916811285031565,-1.47044861324665,-1.06683129409147,"Baja Afectación"
-3.07564108968143,-0.868362779210526,-0.366098377488105,0.879629917234611,-0.327535163489636,0.272235965842835,-0.909135677616259,0.604608969128291,0.825875655445256,-0.213356890954097,-1.26717047022367,-1.41233111653983,-0.80951094451645,0.573364272371131,1.08843176299202,"Baja Afectación"
-6.05696508829441,2.68983398091991,-0.396394422944235,0.884131893149744,0.605127471852923,-0.702876108796232,-1.43256869046387,0.904382874817197,0.241697924825294,-0.761680705719781,0.623887543032879,-0.472379788681063,0.686723051713236,-0.470647372152686,0.526335254116521,"Baja Afectación"
5.31003868408337,0.981575873854243,-1.46726753627768,1.25543561882806,1.03761788176269,0.189675140647929,0.430899373321019,-0.163598592847377,3.39384891018753,-0.435260378817532,-0.213277132812397,0.772479946506987,1.84188018393169,0.893138446752412,0.163393991315877,"Moderada Afectación"
-2.84550149359072,-2.06575176988919,0.170379842805201,-0.139871603134628,-0.455957990772796,-0.682284257663481,-0.412544586063749,0.890183654980602,1.0641776103022,0.913419410948078,-0.920461988252848,0.147557430583811,-0.655685741758091,-0.19627212852999,-0.539637833617155,"Baja Afectación"
-4.4824122854444,0.295793416827852,0.188813976410309,0.447084307698073,0.224221000153958,0.556292190970683,-0.797319073015021,-0.0769350382840972,1.26355769613304,1.26430884272637,-0.889532074253634,-1.61496930131839,-0.719377198402309,0.966252989110186,0.22335135523283,"Baja Afectación"
-1.91141201421778,-0.21490449135775,0.771713479429359,0.273682217602568,-0.40511814774463,0.980843834883874,0.249090007476528,1.34656426674628,-1.25397253374647,0.64874888552182,0.369251290528297,0.125471316667002,0.87669681897143,0.892402992571442,0.839379444091051,"Baja Afectación"
-3.12874039900731,0.40875104313395,0.820752806475632,-0.322440181080484,0.471959204428251,-1.0914001251152,-0.170073862788797,-0.312565261185917,-1.87735681265019,-0.216810066049688,-0.630265845742057,1.09940766357673,1.10495454057967,-0.661832499772179,-0.758811441397757,"Baja Afectación"
6.12391042761882,1.45777978979908,5.11101471256331,-0.897499637187526,-3.10298731139645,0.556900265594091,-2.09685502717191,0.165348678494667,-0.814335185182452,-0.408279053899736,0.682655738761983,0.0013712017704948,1.05279688840116,-0.497895041786651,-0.306415788112502,"Moderada Afectación"
2.33710529147666,-3.85341187603016,-0.589408431146546,1.17389297847122,-1.29011888806802,0.775565713583157,0.504804109344858,0.606481228282413,-0.0231094016044177,0.399750641371561,-0.185967655130776,0.806709595309671,-0.0853677530413929,0.410774084060774,0.0566445972798081,"Moderada Afectación"
-2.41861359271537,1.5113904968031,-0.077545113318698,0.01928064916605,2.95123078928892,-1.23858007365939,0.561039578144961,0.69375786803308,0.416264978914027,-1.56355085915595,-0.378324869504197,-0.653752394711313,-0.204654842808628,0.418446528015803,0.74248517579283,"Baja Afectación"
1.25127601274,3.43036246456885,-2.16668886357647,-0.694964327200341,-2.07618224916191,-1.15200359437287,-0.983458900633172,1.16836703383644,-0.261105276865802,1.6403402197563,-0.353632167975893,-0.892131457281767,1.55124873535166,-1.8092975954772,-0.655172206569203,"Moderada Afectación"
-3.25354777786245,-0.127647906636277,-0.624640241580191,0.244050576748218,-0.795147746470838,-0.270811041427494,-0.831314773522357,0.936044866957361,-0.655393274692392,1.01398654942189,0.0612384614184373,1.06368904229304,0.331638002427899,0.790103648086742,-0.261863251955749,"Baja Afectación"
-4.66546450144217,1.02026702113816,0.824385255947973,0.583026072879808,0.782378488680864,-1.37906035420947,-0.142282486728165,0.809479371911563,0.485197482707195,0.103796112038857,-1.06450053416844,-1.23325426712315,0.702652377865929,-0.463840106910883,0.487079853155731,"Baja Afectación"
-5.85697342750378,0.972362726165866,0.32599529417039,0.927694045688716,0.425285983676836,-0.0485701774696451,-0.676608382525121,-0.111788743152756,0.387120792565114,-0.194508614218509,-0.46899811754195,-1.22140831665366,-0.463409073826154,0.0769255851002189,-0.634682296215345,"Baja Afectación"
-5.86547546529902,2.29431937957961,-0.488982326279262,0.825509020641912,-0.981229447349051,0.126986157724474,0.378172265574785,0.954751771014209,-0.584510422385124,2.05994496712915,0.220230920544881,1.6029979242447,1.3353641847551,-0.721991046738911,-1.76672717804191,"Baja Afectación"
2.7062628960013,-2.34718297593939,-0.899690141989084,1.11689282306379,-0.594630507671754,-0.118090788576624,-0.201440850386323,1.49568978285087,0.277385023448029,-0.540788069091754,-0.00774850841770322,-1.25844722136984,1.08697104457117,-1.7982650375721,1.14661666609788,"Moderada Afectación"
-1.1842675453847,-2.361319036264,-0.695730170868698,1.49248143616684,-1.91373911413502,1.67560505197629,1.21621537917869,-0.374633823258268,0.426260301978334,0.574641125504122,-0.971782183768851,-1.92032882787828,0.965026442194058,-0.883770272332374,-0.319629200778813,"Moderada Afectación"
2.1034878049736,-0.966259797874267,-0.0687085423919625,0.96912949324012,0.607343983202267,-0.57357995873325,-0.30768634375449,-2.34841677657994,-0.509221686497322,-1.63518916490619,0.218223165806013,0.129945620074888,-0.985605064634555,1.23530162116442,0.295270932290116,"Moderada Afectación"
0.819872956023808,-1.47524224971779,-0.605730820249026,0.198883814998018,2.0569362744861,0.604480060356476,0.470844327896207,1.12532199253749,0.52900361679658,-1.10256070745655,1.69950323721178,1.39917581880443,0.182820245616472,-0.12642471086429,-0.189323085508039,"Moderada Afectación"
-4.79729197228945,-0.169859201867807,-0.711729924058808,-1.58158541308051,-1.3482549964585,-0.723846390626137,-1.16035537635879,1.12873867469509,0.599029416187766,1.15987137327354,-0.347330378539278,0.236728366496558,-0.152973805258021,-0.197082786321388,-0.319199965659633,"Baja Afectación"
-5.12189424117991,1.52533370865626,-0.298446549911332,1.4754198988137,0.127544125426641,-0.646726075677605,1.01021113321999,0.203777520439039,1.11084262093978,1.43324756522184,-0.103828514312511,0.167138733527433,-0.590722688972928,0.626366475271591,0.332989298172914,"Baja Afectación"
-0.27945633373845,-2.18404130472771,-0.353219608954518,0.270337176951304,0.779650451908592,0.756162624108577,-0.0394434995064898,1.02668097296344,0.757786296881511,0.416149969909551,-0.353810607925594,-1.73766212042987,0.434206003053676,-0.280180428908492,0.431424805285159,"Moderada Afectación"
-2.30749788941461,-1.13438094318614,-0.821577856093409,-2.44352285685019,0.956470127523732,0.407278643918451,-0.0752136766129425,1.26368895830422,2.1665416595897,0.384286591451576,1.29116181445488,0.278339496905158,-0.0926427891024454,-1.00150280672575,-0.984515919129138,"Baja Afectación"
0.0896006470007171,-0.363304152171942,2.74138262874124,-0.890696593477557,-1.67201622217404,-0.437252305278405,-0.981456074700001,1.4762695183858,-1.46568801895111,-0.198126040410342,0.929854188733291,0.297381742455682,0.591456022132989,-0.0502950184108457,1.2647294261211,"Moderada Afectación"
0.51350331861888,-0.31486520158018,-0.277205807203584,0.992348104705813,0.558264080565756,-1.48251758242519,-0.595533123944429,-1.93604026692452,-0.0645261419453845,-0.661816134737893,-0.385315027598807,-1.24887568396908,0.00775860477008349,-0.222396681338538,0.318927958696194,"Moderada Afectación"
-1.74976468173348,1.72570893244501,0.321461548705036,-3.22290224436357,0.416341072120739,1.63846538110306,-0.326718484339247,-0.0214414389729198,1.0317830733562,-1.58034050523196,-0.795773100932942,1.50983473138684,2.76485617302248,1.72021302813719,0.396756420166192,"Baja Afectación"
-1.21512535168389,1.26459364041581,0.549516184610559,1.26877721735128,1.09466685223168,-1.7188907339922,1.43017227771218,0.262231010494079,-0.272744415488784,-2.21922103398655,-1.70643533616728,0.894092379801556,-0.408383754945408,-0.51860661684794,1.3698750833188,"Baja Afectación"
-0.331899239850455,-3.42443458133688,0.592602804715062,1.53780974996409,-1.92997513375841,-1.39890027781484,0.508591238976262,-0.00664873257198518,-0.792977902488192,0.478467636511281,0.1176315158662,0.2510281568756,0.23438727261594,0.25666918177709,0.434294509160095,"Moderada Afectación"
5.82872977578101,-0.518905086600652,-0.935966188846267,0.899369518241916,2.29620361594692,-0.0336321429192812,1.75309920854594,1.77717282542772,-0.498301735317282,-0.348961260064445,-0.0172070022473869,0.563788296536509,0.697001784835214,-1.44863116939417,-0.597951608558545,"Moderada Afectación"
3.09672059984334,-0.80655235319164,1.83923228221021,0.137687805674576,2.5180596854858,0.630886997420539,0.318509514027465,-1.99761440402749,2.41244580066677,-1.28961397722534,-0.921595673221141,2.53969628390189,0.0139785282405286,-1.22674702559584,2.28960594274396,"Moderada Afectación"
2.21915501959101,-4.09242639718545,-0.287160287467093,1.02879515604345,-0.993166593012148,0.0170420702459704,-0.127723370886518,0.25536998462093,-0.115944787012321,0.852567828031511,0.176210767161277,0.432640237766537,-0.474309452174798,0.718440292874819,-0.178778407464124,"Moderada Afectación"
2.66998189219881,-2.11835047641841,0.0225881550046939,0.312938673328092,-1.00499067671013,-1.36583060466929,-0.792266249569081,-0.714600510129801,-0.381464309636574,0.395479495798746,0.231317917419917,-1.89720050369753,0.0557571367821457,-1.46322248423253,-1.21111841080953,"Moderada Afectación"
0.988140639629645,1.04212265214283,-1.17355747405626,-1.07843461089348,0.751289556751407,0.958177657308624,-1.29317299160811,0.328518497311108,-0.936424642433354,1.05244986495641,-0.53269459729301,-0.0359995184550565,0.913832919514774,1.44862120180026,0.283896275017111,"Moderada Afectación"
5.79344954533947,-2.03184305911536,-0.717109974964604,1.17434203760743,0.0296760296657247,-0.865637070931682,-0.887014132907178,0.474842013341758,0.371161560299928,1.15755877326828,-0.496123585225387,-1.3479757515075,-0.513043779532896,-0.333384338217096,-0.737805269241261,"Moderada Afectación"
5.18598884432974,-1.27092325905798,0.0212817115963818,0.15260745765037,1.30999399411873,-2.55600032419345,0.62554144820966,-0.548370089432122,-0.473133267505485,2.1686508868661,-1.24364850095839,-2.68945762119122,-0.409411473581802,0.31627935061241,-0.493508330655168,"Moderada Afectación"
0.447339023447021,-0.550051642766954,0.191317372709187,0.753247871598507,-0.182696601396426,-0.829758609109236,-2.69879621023395,-1.73592820201218,1.75751117416388,-0.886254780283885,-1.7495601922921,1.49265846242539,2.61473098003934,1.12911213786578,0.307634240896357,"Moderada Afectación"
-2.4293439184113,-0.556982027478909,0.79424053087895,0.992089664927907,0.00790499630172003,-1.30880310848468,-0.71634105895809,-0.384859404314071,-1.23013670316777,-0.974846981961786,0.158101524103165,1.18795006688804,0.178910489021532,-0.707609498358609,-0.1128953919338,"Baja Afectación"
2.30633050349861,-1.61729647742594,-0.570775611922962,-0.71546523295784,0.95719441721945,-0.796913282333851,-3.02531567338365,-0.565409054088163,-0.388324889731411,-1.26237865109158,-0.50178197850857,1.28626662734172,-0.226064873520979,-1.46194581404002,3.64715213079793,"Moderada Afectación"
-4.64838171293079,2.33119751639317,1.63112082546542,-1.78237976947754,-0.419379949093247,0.583220733877326,-1.08855210509045,0.457945151862165,2.28465942447511,-2.15029621126767,-1.41575721468041,1.12691095353543,1.85563405211825,-0.208772757473604,0.61828992791073,"Baja Afectación"
9.04451425245639,5.00035944729958,2.95192363329063,-0.172219051235077,3.22960678513007,-0.434085542047343,-0.651051305804695,-1.60123741797292,0.54681666039659,1.17253207824564,-1.53233060931407,1.27683090098184,-1.36255331725053,-1.56450049994367,0.62966532984354,"Alta Afectación"
-0.876149968960125,-1.24128405681317,0.273095755854712,-0.0462938287000226,-1.24412303425712,-0.0594949753528554,-1.37131614549925,-1.41976675191848,-2.10626259248829,-1.36484121299572,0.270881024311291,2.03312929927972,0.505691989893574,-0.17730870310617,-1.08332870193133,"Moderada Afectación"
5.04918732954837,-1.51512855533932,0.197227159416241,1.05809400750729,-0.930913513610331,0.379638236825732,0.590375450446024,1.24437332525583,-0.633984003333507,0.396401255253386,-0.489294485068023,0.141177282488071,-0.904891150781553,0.934687554194929,0.925142148548982,"Moderada Afectación"
7.53030500709137,2.70362840161054,-1.07310968281318,-4.08677049682083,2.0823339379755,-2.25245504934062,0.761984276275564,1.45239545409593,-0.721193110902467,-0.718086907632605,1.74282603322316,-1.13262428334372,0.605446003386225,-1.11940784072359,-0.47312312284363,"Moderada Afectación"
-4.36578745853676,1.44198812523689,-0.409111026978881,0.557442017248983,0.777107638252069,0.921414980323682,-1.02097017235448,0.304618961377313,-0.786468882792856,-0.375102116276516,0.955835559975688,0.723678332225955,0.873218855565306,0.235484953374953,-0.429223230237928,"Baja Afectación"
1.79160516155168,-2.64001596494539,-0.18644956058867,0.340101800387397,0.326990014400705,-0.0872937088788464,-0.682204847651881,-0.230925316915777,-0.68894589427439,0.274210961060247,-0.158017887099778,-0.899971716396027,0.51295534058857,0.736363543991158,-0.496026528369407,"Moderada Afectación"
-0.384657902819333,-2.86479762049669,-0.550714046045188,0.488537483609269,0.119815533360335,-0.0325479375890755,-2.29105702802797,-0.342868160227556,1.14007749689555,-0.377666924560522,-0.179034659059467,-2.15784821938952,-1.47607746875245,1.47151960039046,0.728165959471662,"Moderada Afectación"
2.72796515533475,1.58648718688821,-2.678880973194,2.16490115052376,-0.801895742704346,1.55194830088286,1.2404759281943,-0.423501226372688,0.213371109102289,-0.509471271861317,1.63609392964411,-0.178544598435336,0.993099886814357,-0.102982065803524,0.0889241602487089,"Moderada Afectación"
-6.9215537711521,3.00477444749559,-0.110140035491099,0.658804467245421,-0.0785594401319232,-1.1631051518807,-0.447905074593532,0.216898987181351,0.624352270768066,0.189627053909728,-0.0142967025877591,-0.219096247215632,-0.672490667801652,-0.0957427136124025,-0.442879567699154,"Baja Afectación"
3.71695252228966,-1.18103596318606,-2.17580197574898,-2.51246014624071,-1.04390562145812,-2.41846228173704,-0.681442694654353,-1.61155337340969,0.942044121826243,-1.11548552947005,-0.41260347115567,-1.3750238960518,-1.62508895967255,-1.2759335425474,0.0900816267315286,"Moderada Afectación"
-1.79358768559757,2.12641639088036,-0.611262756806214,1.69680996759137,-0.173068425349228,-0.245683075362008,0.121491849897921,-0.604686988099939,-0.812460235383081,-1.23289847375413,-1.61567459189087,-0.11131967691297,0.65051661447371,-0.961291075939492,-0.0340790180645602,"Baja Afectación"
8.68095116112031,0.252398531522149,-0.977754010757335,2.04849564730842,0.594441793127965,0.495611530583456,1.16468414314835,-2.13430838421398,-1.1192345789483,0.280939030834314,-0.105590380075362,1.28573674880204,-1.32069275457,-2.27600025689589,2.03798535547225,"Alta Afectación"
-3.15307080393871,1.36221204801302,0.286853342388121,-0.426331505865352,1.04944881780351,0.967348041709353,0.343324079579204,1.15931216936102,1.88474852780541,-1.45468596190706,1.15256404142622,0.650755877228435,-1.82269403271195,0.137346819248415,-0.088143780641201,"Baja Afectación"
8.93631436139861,2.77814674363772,-1.12004971647929,-1.59675818242827,0.728721401446762,-0.980499405385627,-2.13376176115893,-1.01740865022329,2.33148895334879,1.27310251824359,-0.689223619694301,-0.849187146866466,-1.56279919848354,0.562018020714508,-2.29646541167435,"Alta Afectación"
-0.815402953345005,-1.42064456944386,2.79812498783539,0.739320299741428,-2.60181384789346,1.36021942795211,-0.249255502348901,0.155176411336106,-1.57121043951006,-0.033562152276757,2.07290544281674,-0.14407867946855,0.373017228135768,-0.0965442800953856,-0.506239850654991,"Moderada Afectación"
2.33160572673607,-2.06961434044544,0.0557420181549555,0.033166317629482,1.14014533177095,0.155104284021233,-0.809119502887599,-0.532744312191476,-0.667684206317691,-0.150291582546246,-0.460289849930044,0.98307608143493,0.76497146598675,0.610465795951335,-0.0748535317159597,"Moderada Afectación"
-1.28482544450177,-3.58339927017276,0.914399303934108,1.29089788298988,-1.02470271973375,-1.19925506297367,-0.696749141525358,-2.26884710008391,0.385042415344848,-0.774840715228106,1.03538731227133,-0.18423442861445,-0.134326079452524,-0.138122559970291,-0.703033587428618,"Moderada Afectación"
-1.68424481762002,0.374530204520401,-0.239829899186371,-0.286181940068266,1.92277701912634,1.28498570157428,0.150829312750898,-0.57781952373318,0.23652794627166,0.372293545446081,-0.699313084872261,-1.99920051172294,0.651236108578475,1.85779042300344,-0.145298545017214,"Baja Afectación"
3.64451368016175,0.913636006777051,-0.83178410092507,0.139280033440928,3.22168426485656,2.22739141079013,2.24650500496367,-0.281358266644556,0.241996147613543,1.04957441911251,0.316784215613898,1.49620436620998,-1.00603563926777,-0.96404933806401,2.08009807093844,"Moderada Afectación"
-1.37350108392389,-0.285319057925687,-0.821495887187697,-2.0646901504562,-0.218293513153301,-0.667363772121038,0.997381431334777,0.796242209227646,-1.31741905707588,0.571102902237685,0.231902841753759,0.779652665510166,0.427417127983271,0.174190859026427,-0.689346402791406,"Baja Afectación"
3.27360847988917,-2.44845868695249,-0.915573078825981,0.987482091580644,-0.34242658546437,-0.290692595097081,0.645066515197297,-0.845587864218999,-0.446029347041026,0.289653645478575,1.15564303242992,-0.115811090644839,0.778385505852494,0.666625085870364,0.921368047533837,"Moderada Afectación"
-0.964424160087117,-1.06953167645117,-0.320424076279785,-0.474761007252068,0.12143140023338,-0.175117732597356,0.399012121850589,0.109625012258052,-0.260315601440572,1.01078284683272,-0.718126087630767,0.637393455285896,-0.627468290538875,1.23200931668325,-0.114732018644154,"Baja Afectación"
-5.75620843981053,2.25709976771341,-0.593561342155572,-1.40792445369668,-1.50273928394179,-0.78606257179197,-0.207965625882415,-1.08881594894215,-1.25144520716849,-0.599722227523261,1.28822642777347,-1.04699311846408,1.206459534445,-0.973110433846736,-0.117866394524666,"Baja Afectación"
3.63867412249645,0.636589469315482,-0.468597428729041,1.22085603471871,0.613057381987405,-0.527689586453506,-0.158206054408516,-0.768315453727117,-0.126736318220234,0.433281401409748,-0.744966114611587,1.57553355396045,-0.898653006012072,1.08106009931462,-0.904565526731455,"Moderada Afectación"
9.92216303437209,0.966877688848867,0.271980464578451,1.59837737157715,0.454411448565119,-1.04758301951779,0.814498895478728,-1.35740089406909,0.253202774346097,0.00998909829969291,-0.775308666589219,0.38454895735307,-0.00429424891479396,-0.112036361827199,-0.99206749364029,"Alta Afectación"
1.40998179161441,0.648498738084393,2.82625277473993,-1.23902077940046,3.51563563542624,-0.232565424519944,-3.30534873526396,1.05931159202039,-0.853894629451892,1.17914623916667,-2.04537994999915,-0.392025854731302,-0.739360320455246,-2.74237695975904,0.0358421469947127,"Moderada Afectación"
-0.756715758263187,0.517345569139793,-0.041939035325298,-0.590470802682028,3.49330930091914,-0.20989599830371,-1.40142193953977,2.07898759288062,0.353191442095449,-1.72750776645055,-0.989006586574609,-1.83519157733029,-0.126790762585818,-0.139412967422335,0.966227112391889,"Baja Afectación"
2.00247834174365,3.13444500549331,6.9638529235066,-0.201361416541815,0.231087327118566,-1.07010551088963,1.30575307582303,-0.138019499905237,2.97302252350692,-2.8795103380776,-1.3848142109659,1.10093148382591,0.695594650676643,0.46234734805606,0.742870672208305,"Moderada Afectación"
-6.90479890066058,3.25911787182329,0.152974427368955,1.70948748548115,-0.298501774551899,-0.603557912759479,-0.613380798238557,-1.3284916417076,-0.950203477939489,-0.645572652128581,-0.824544995184445,0.975094226197057,-0.373248022090247,0.180235537942274,-0.613528659967247,"Baja Afectación"
8.71804341964991,2.35280726722339,-0.792271856324039,-3.34164548998619,2.4073494852903,-0.399592205394838,-2.06988904714531,-1.02609133511371,1.73052024741761,3.36318900688623,0.0170270094540587,0.372137109113153,0.328519302711088,-1.66402427837683,-0.056768832199942,"Alta Afectación"
-0.743650382472246,-2.51156149533066,2.50311352823862,0.119089863290741,0.756367668351555,-4.67984581614261e-05,1.42123495226605,0.0555424013053498,-0.644837884541936,0.084180809802043,0.266142200164107,-1.1070489438726,-0.668011553214358,0.0295020270847421,-0.493186581459169,"Moderada Afectación"
-1.76680312108568,0.0855684158475398,-0.938247059850486,0.197009375751424,1.87752643392571,2.62561193242185,0.918271916024622,-0.467666224567867,1.86850176207659,-1.21887886752677,0.470981528775848,-0.491858424010171,-0.801924931598716,1.21436598086557,0.146641554879194,"Baja Afectación"
-4.66052381664761,1.29010088437445,-0.868362373051638,-0.0758560225084697,-0.937456563669105,1.17734211884193,-0.850805784052089,-0.215023511085862,-0.843897596341842,-0.721126232559031,-0.576939336477716,0.442224502881397,-0.155032680998783,0.777458077347044,-0.0533937601766622,"Baja Afectación"
4.95061300089398,-0.839572171086428,-0.817618564355486,1.64699798403336,-0.0769482714133569,-0.378387609992434,-0.683091354010331,1.08514529884241,-0.118343375041906,-1.50378041289412,-0.944809020265439,0.585548912462122,-0.201801213769017,-2.06957714656058,0.0160958732916984,"Moderada Afectación"
-1.10449084727495,-0.943449028690994,-0.951264359697376,-0.221468582915265,-0.984290899053563,1.18042993268462,-1.58359015303456,0.863494469641855,-1.10163010155027,-0.0663384505687789,0.0652403034516095,0.91497781917011,1.22409227750009,-0.601706886567927,-0.845511299292488,"Moderada Afectación"
-3.8039492896619,0.208761291922415,0.227931668737897,-0.396590995047058,2.72617897346571,1.85442591511653,-0.322455279111972,-0.673345117173268,1.46094255483183,1.50867709047909,0.253430332901662,0.672189016012484,-1.17221659582235,-0.236481364467848,1.72711998133126,"Baja Afectación"
3.98843158249652,-1.03534019155089,-1.28587174252177,0.976692552943533,-0.635524605344781,-0.730425728789367,0.0412865361995277,-1.55751316355861,3.31953456930079,0.307553460312355,-0.290372262262556,0.682173713480674,2.99427565372558,1.41590241598299,1.91378525820419,"Moderada Afectación"
-3.76423001904873,-0.652626031387694,0.715526909255695,-0.313788204733351,1.50392583264434,0.977165592627117,-0.0401184364172978,0.979467651389843,-0.542243133295879,0.365397736983762,-0.870435444778657,0.117859526797749,1.03336237590414,-0.558624727403879,-1.15140329569414,"Baja Afectación"
2.09241229587713,0.44828877272931,-1.07440235818565,1.83529744465704,-2.30709832048351,0.214360544161539,0.849719688191436,-0.705503098313501,1.31410419285955,-1.10705961035337,0.869734193154984,1.45063563834094,5.60864653675735,-0.667441333160193,1.50255960451792,"Moderada Afectación"
-2.4033353509843,0.217957885486789,0.829023488712892,-0.962979571288596,2.81363462460207,1.45811472339043,-0.401624587914275,-0.043794990504257,-0.455023234734172,1.65080416186144,-1.191884395622,0.0316452016655961,1.69785274582447,-2.76168483267834,1.06309150870544,"Baja Afectación"
-1.05116706523289,-0.908621780477492,-0.689388030487203,-2.66465651074252,2.62609762803728,-0.655604174418807,-0.254771171982637,0.296484527827266,1.19455449717371,-1.84987150063357,0.0763626342047161,-0.800238662511505,-2.45924642159413,0.539455098505802,-0.77662771798072,"Baja Afectación"
-3.93803571381936,-1.34391998327891,0.928228884585136,0.0288357148732867,1.02338810874126,-0.862230146694065,-0.878362228113093,1.14539217397924,0.204531370270247,0.0757570345231585,-0.0526478857794524,-0.561220620193036,0.814627811079372,-1.06111989106559,-0.452186348214875,"Baja Afectación"
3.05319656964651,2.60336675490431,-2.87523820511557,1.36352980628901,-0.411700639524734,1.5545291366468,-2.99891823665996,-2.62540876724929,1.6131522354806,3.46846504141701,2.69076733191074,-0.354224827649109,0.959777873087634,0.880489390030895,-2.34737587564372,"Moderada Afectación"
-0.406528812856185,-0.942221229878878,0.73672045177744,0.835387509070176,1.06975008683111,-2.22914182456915,1.2110680373064,-0.924730513863333,-0.75001157108363,-1.13002907083789,0.799886956709322,1.22627758052214,0.166569589909338,0.519624969169169,0.263894678621376,"Moderada Afectación"
0.220991646657788,-3.33245233273327,0.878704250651118,0.330734647748472,1.89525268025893,-1.10075538812264,0.664598384425531,1.17012159102051,0.687454625685116,-0.597549798964015,-0.694483976335836,-0.373390513827482,-1.02950093918814,-0.231229013758562,-0.93911755431598,"Moderada Afectación"
9.33470830040399,1.36949209835878,3.31915728671299,0.763636697582123,-0.855181664306338,-0.491809261877676,-1.52323953000396,0.172389118508741,-0.479407858208215,-0.829007079339886,0.84557981469667,-0.0099698620073144,-0.321725192144459,-0.0717133562732993,-0.717378164097371,"Alta Afectación"
7.18343586286875,0.285875830755099,-1.41939812363201,0.245023643751728,-0.220316032866866,-0.338758965260364,-0.20680904326787,-0.430613653083708,-0.86274252465885,0.694274472995944,-0.0746739888319149,-1.05754921035795,-0.221445771777681,0.471934272890605,0.0382225956815069,"Alta Afectación"
-3.13470912714026,-2.85642778864413,0.168589086493792,-0.881217317455462,-0.592642953504173,1.52146564947948,-1.04298330764519,0.104809798772224,0.678491452120205,0.315712283749075,-0.494661360096154,-1.52764235161342,1.02552841459763,-0.953165635997795,-0.939578009588526,"Baja Afectación"
1.87155264755167,-2.06307365840701,-1.53711458449489,-3.05836953619991,-1.70735293664118,-1.13463845727833,0.865476567130154,0.0921505209618325,0.130119784505382,-0.810079357331693,-0.60543936454463,-0.579390824314744,-1.26089817715297,-0.135643994360286,0.645511853004486,"Moderada Afectación"
-1.09656651336439,2.27305669524562,-1.8908105966473,-3.5080262786934,-1.10344838167761,0.151743753789264,1.96194788206698,0.433305953228971,-1.19554836488215,-1.03433884590243,-1.85066655342116,0.183556563849393,-0.233316852273081,1.09545112470698,1.88154444402165,"Baja Afectación"
2.32823667786692,-1.08759572554847,2.72217261340608,-1.33485813930003,-0.277096178617346,0.748865876791472,-1.94354659731344,-0.314255541131999,0.999846594170175,3.1334417701676,1.06683587208019,2.01310041361548,-0.428369292882344,-0.847020562478045,0.722800479091659,"Moderada Afectación"
-3.8263624548117,0.519799742165506,-0.489685795878245,-3.48000524958165,-0.756900377564554,-1.38690401223343,1.35842825140656,-0.80441155096109,-0.187481791811485,-0.959199331438448,-0.168072348323915,-1.02271128083786,-0.657022106351264,-0.19083255183941,0.289685006398449,"Baja Afectación"
-3.02431290380342,-2.28314732227704,1.33251657353545,-0.586151058349612,0.804563840590508,-0.204522153879895,-0.189449201013848,-1.98480057567105,0.729447056427303,1.40105756889336,0.747776154365875,-0.443882437779207,-0.243453233542342,-2.80906775781833,0.647765588269722,"Baja Afectación"
-1.68327891065542,1.0024201471451,-0.931618501869018,-2.64648804868527,0.98671596477033,0.541282471200266,0.659994875158681,1.7797529670413,-0.0978116594226267,-1.15402718705337,-0.340497453314354,0.728601629558569,0.621887673735009,-1.42991706084271,-0.0658226628303395,"Baja Afectación"
4.8856052849202,-1.10197554132511,1.65080735744197,-1.03329928737642,-1.30495150845709,1.15378436924236,-1.93473741365944,2.17955590627757,-0.255898774273498,0.383074744200944,0.525561662701606,0.280689360365759,-0.763204657190979,0.485950665144198,-0.30928031509487,"Moderada Afectación"
1.43919789153259,-3.29464109277388,-0.323622676336533,1.26778785898319,-0.979154330299521,0.550390645732201,-0.418954326229881,0.891697243639684,-0.0168638594823514,0.286971291548595,-0.161805326623573,-0.544175587604714,0.694731474904886,-2.07890110466597,-1.27256235639529,"Moderada Afectación"
-1.60393922036202,-1.81705282644661,0.134730019132014,-0.12736038094099,2.14120857223443,0.264799745504744,-0.824135359797583,1.31265562471618,0.985013545875,0.375979807390658,-0.0696569933251308,-1.34278731787664,0.142066883923797,-0.114378118907658,-0.579289976128103,"Baja Afectación"
10.6989255946771,1.21153232275469,-2.13356719161157,1.04997838375808,0.339965858238992,-1.68502943110354,-1.36285557165966,-1.45228309980582,0.238662237180652,1.12635458312633,-1.2619990070812,-0.585423206141109,-0.620582821103126,0.198425839967219,-0.648930261132349,"Alta Afectación"
-5.46955535203674,2.29450772111728,0.417439751175078,-1.35792600508419,-2.27099419944835,-0.67716119307094,-0.504056664209798,-0.760955819301193,0.344409479428246,-0.0453133387598216,1.28367958854874,-0.91701626827751,-0.846822861295837,-0.0911783272852957,0.0151167799107341,"Baja Afectación"
-3.41804587239288,0.924603113146715,0.727424221908535,0.0932178573466875,1.02218127904027,-2.28681091495285,0.721161883108088,-2.11575006097978,-0.896740440949763,-0.693222704953828,1.41096902255106,0.460700628632118,0.837324598518413,0.458225608763495,-1.17283130167316,"Baja Afectación"
-3.69836486385523,-2.20310764203275,-0.339776839019635,0.481026586577886,-2.31698845270785,1.4868066137109,-0.482055906940943,-0.446948373561712,1.11438897690477,1.18010449930715,-0.906756894702747,-1.75455757706449,0.027957239169869,-0.573850320268078,-0.731790122836596,"Baja Afectación"
-0.132542984564484,-4.69488865000769,1.07802340869994,0.800236779583355,-1.76273102048366,-0.957682948551516,-1.35943689519444,-1.08043642071064,-0.912929608475551,0.812610987886921,0.155142255410567,0.918268049184551,0.88199494119494,0.597663531397442,0.0951223295415178,"Moderada Afectación"
-0.586862151586982,1.05390480756695,-2.33532996829909,0.0667062195421577,0.272733199599168,1.10934152239429,-1.9317374880435,0.901119165709028,0.9328511480002,0.213817440778805,2.02571847295086,0.335592602362405,-0.26360279988763,0.554836113806323,-0.263286738958018,"Moderada Afectación"
-0.171995390710784,0.239115745606987,-1.25520098230076,0.820609147946098,0.71947429949583,1.11543113660848,1.04806920106462,0.52200362008026,0.575088759594324,-0.342763655513109,0.684012680019276,-0.201154746552239,0.171741664793581,-0.0457379086080173,0.658354772042571,"Moderada Afectación"
-5.71697866441238,2.20532575954152,0.556182453910237,0.839160528917858,-0.325201502166697,0.620533495559305,-0.509759468414719,0.735862622294019,0.532526869095194,-0.105645560610771,0.754853503351893,0.396098975421023,-1.31495282778333,1.99058409693808,0.837407407826614,"Baja Afectación"
-2.01989574475987,-0.279011397710073,0.238765523783951,1.16373391736725,0.786220570402186,-0.210929529300494,0.202521724527982,-1.1823886158245,0.274952163091127,-1.97480429792826,-0.20342970892755,-0.290800358097491,-0.0974902893441123,-1.08183261825603,-1.02631230002653,"Baja Afectación"
-7.10764923476623,3.93683509313245,-0.186563008888052,1.56770261646946,-0.0402300752625902,-1.03431146964984,-0.0995935489785918,0.0742262524527744,-0.660594535929241,0.0120517129705963,0.000380677483577976,0.0934015615774467,0.0960066232326811,0.239241211468627,0.110308847010595,"Baja Afectación"
-5.78081373024753,1.48088782670799,-0.215727298721657,-0.266012213139612,-0.267530753028025,0.0192123309857501,-1.51230873533261,0.809074175520251,-0.96897105626018,-0.10735112349148,-0.33822379755748,0.867956246527164,0.622087477254773,-0.591938304853751,-0.863901300866734,"Baja Afectación"
-3.34920184528437,-0.161026627539834,0.758921020471805,0.0147459668942336,0.877984097057539,0.453313318032367,1.7298811216522,0.291588707521819,-0.776189960749758,0.241740677902585,0.261871527294592,-0.157081989177652,3.03771391988553,-1.16560070829938,-0.563785830666391,"Baja Afectación"
-6.00472142183187,2.76146287939272,-0.460595094726601,-0.06696303337514,0.0661412941151923,0.302144590234587,-0.0261857993808077,-0.0575842681234903,-0.451006013920129,-0.121674380599944,-0.518925531552169,-0.126719752053629,0.0762696880861198,0.0991940798289146,-0.472994219166296,"Baja Afectación"
-1.6647528013215,-2.45219088982579,0.40611600456536,-0.738840581085192,-0.648344462352429,0.67984104586457,-0.985192803319767,-0.343967706825832,-0.912047695637691,-0.506688644239148,0.740165951090957,0.667008601181227,1.2827349261272,-0.888552149597417,-1.46984746776927,"Moderada Afectación"
-4.63852487508057,1.30962580229947,1.44000032770745,0.92549690954467,-1.4508171753268,0.864654459996871,0.119145631508698,0.855607930212504,0.497033305925754,3.32561504860682,0.602074615234834,1.44211966614485,0.64687284313827,0.235718173998706,-1.14832003081591,"Baja Afectación"
-5.286605998354,2.72015442276145,1.42672964229007,0.625099498158203,-0.708412400362472,-0.775747498291133,1.79052406336459,-0.388880894040019,-0.276318087763033,0.483097973859267,1.66914366576632,-0.00282808778985322,0.0585993227319781,-0.622027986233226,-1.04511319575358,"Baja Afectación"
-2.30783824313486,-0.377837220833326,0.467701539836496,-0.152254661331357,1.69529732570638,0.551053635153281,0.824326867459462,0.0294614422604739,-0.467681945378058,0.495517997242905,-0.58320726033325,-0.235428774058778,0.350988509608936,0.50717070677587,-0.692348062880759,"Baja Afectación"
-5.63223723061973,4.09115848509952,-1.27614868819852,1.11548103110257,0.289699424030004,-2.27274789810468,-0.773539958458776,-0.106015635362859,0.980496213430745,0.74731223343793,0.448461339739502,-1.04994462727207,-1.32893162467982,1.3279281972732,0.903874388397902,"Baja Afectación"
-2.55073501239674,-2.69144217029244,0.114696559413272,0.890739605191583,-0.499292445435634,-0.886538436926265,-1.64384685177515,1.37465988675694,1.06992170073252,0.187658292794744,0.380443709917587,0.00862228759376876,-0.415556107296165,-0.569491753756076,-0.0410225702030324,"Baja Afectación"
-0.0245019354661931,-2.70818322985302,0.490748626124626,-0.611458240494642,2.59924188945748,-0.260003363767491,-0.0623780281380431,1.79119164431934,0.892138936977489,0.361798789204906,0.831351276699324,0.295672046595037,0.524663026863609,0.22463887624797,-0.681069884679691,"Moderada Afectación"
-5.33033201896711,1.05043003225691,-1.19934417845562,-2.31523105926436,-2.72063480243646,-2.99088904204329,-0.231993576633742,0.651067331250682,0.823973750374205,0.741868572804105,-0.350128929156364,0.29002728917122,-1.70632092250747,-0.112340994510154,0.289679120145723,"Baja Afectación"
-0.385312518019105,-0.277458024360893,-0.245012298604136,-0.365332863196465,1.20845151546574,-0.510840347794314,0.590139135468499,1.62800672910616,-0.727664347273019,-0.15551270101259,0.0687817215681845,1.22441867592461,0.323788495453824,0.118218942186916,-0.237545390051951,"Moderada Afectación"
-1.01228580101487,-0.990281228724212,0.688750373426438,-0.36189736942113,0.899085312088042,-0.785079980364424,1.6256983166444,0.0624082945752133,-0.736149554663294,0.323530831121366,-0.720320894309098,-0.251791333520994,0.150253776547354,-0.250489518419822,-0.622984147838935,"Moderada Afectación"
5.44350524738541,1.7564717026054,-1.52556639615638,1.65293175437129,-0.7642128738638,3.1564083663833,1.43434594784837,-0.683872310981158,-0.691001114844146,-2.35778116659436,1.82111607097805,-2.6005576089622,1.07229526151604,-1.24030021693218,0.642530787651863,"Moderada Afectación"
-0.359841901579206,-2.61079044217578,0.966169968099084,0.960451069475723,-1.69025455752514,0.439139253888817,-0.0565865609641509,0.515100098140898,-0.536443608772251,0.311435552650308,-0.175589650157015,-0.578918260398456,-0.778736116319145,0.415781752230496,0.84562339875391,"Moderada Afectación"
4.44785873047728,1.31046168729404,-0.580114827182576,0.648459523761341,1.79120845613604,0.787825074450556,0.675844267178307,0.468467658949484,0.243721599387341,-2.81899165702299,1.32400237474694,-0.641754656601076,-2.73575539738842,-0.133270323830502,-1.2424071963587,"Moderada Afectación"
-2.70029212792787,-0.951542437864115,-0.228388036972526,1.04011053775963,-0.0432948085152035,-0.279719120954962,0.560041730962567,0.621859402445953,0.602542894890186,0.37532470296443,0.11067147677188,0.46288520268594,-0.327794853559389,-0.0786173485570658,-0.258362371502868,"Baja Afectación"
6.17994843039154,1.42010671782402,-3.19343471692883,-2.59902281243728,-1.28119655640936,-2.23874406098176,-1.14166687615664,1.05401860365552,-0.277363342662832,0.32948456155897,1.08420788258846,-0.341575456962572,0.220975418835596,-0.328057525759398,0.177924593584516,"Moderada Afectación"
3.541673909917,-3.15604352131117,-0.615071533690776,0.772392036885421,-0.00923156872818848,-0.47025928910273,-2.59409636846503,-0.450072560702266,1.15156641115382,0.18116443614874,1.15261674105135,1.14341144899304,0.237962943692291,-0.52437992267248,-1.35891498612804,"Moderada Afectación"
-0.76312355397154,1.14512977327233,1.39978535292055,-1.11604915227407,0.52601451989112,0.725934209802593,-0.784424650470729,-0.184201489056636,-1.25876459218818,-1.00049248577827,-0.601935206832805,0.37689323134466,0.91568451469837,0.0271098136413259,-0.270098380581125,"Baja Afectación"
-1.32862614527628,-2.5046465948172,1.05258365873154,-0.670190171602495,-0.705292651891403,-1.17795220594226,1.21569606878319,-0.969004953499727,-0.557983261590135,1.98533744111889,-0.800548596324349,0.12742156123264,-0.777657380943716,-2.6441540356517,2.08529914098409,"Moderada Afectación"
4.9106358007206,-0.0688280372227017,-1.32256716379596,1.1223208983549,2.61766991901205,-0.105097063937548,1.81323146068661,0.793112739674211,0.964867824866564,-0.223064696448958,0.599947333427715,0.636164775849605,-1.62293249304052,0.621645442954763,-1.04705083042048,"Moderada Afectación"
-0.744079819521697,1.33942426781917,3.27990541391925,0.436797378480916,-0.335367790848271,-2.41457499870683,0.944221673411314,-0.364107995169948,2.48257271927522,-1.95597739505829,1.78001723443774,0.8233353597156,0.588017157341409,0.48162127790675,0.842682000562822,"Baja Afectación"
-1.87928219679851,-2.52519754245459,-0.0599481365508322,-1.19174496556141,0.116068034049498,1.43049170006162,-1.43959119908116,-1.08008013616478,-0.547167225206607,-0.68729113563654,-0.123916624834151,0.316377087391641,1.11935596169096,0.186244948945849,-1.34067245619788,"Baja Afectación"
-3.43785030242708,-0.589832444004255,-0.920635153309538,-2.16791121161775,-0.965431504644643,1.70929796771538,-0.374566273631572,-0.790129713346504,-0.0877520773531615,0.0287880572166511,-0.383555928722414,0.670562675482104,-0.583457339337426,1.35779900562769,-1.42803865763419,"Baja Afectación"
-1.32883600964124,0.798143197150988,4.92915309580195,0.468801214591537,-1.32914531424458,0.754455982041387,0.979009572204387,-0.15049349133403,-0.202549766562088,1.6283634246293,1.09974319503492,-0.930480852311735,-0.546905701413307,-1.83263818218592,3.1562922373427,"Baja Afectación"
-1.04898528262239,-0.427164192679974,0.302455244395668,-2.58195873425207,1.60540179675347,0.0123298517685966,-0.396345447703633,-2.45165461006638,-0.779283156013665,1.10341981731561,-1.71374697400966,0.947780027520647,-1.65971409707933,-1.3293941701856,1.25506596459668,"Baja Afectación"
7.72367808372222,0.35931168547036,-3.223271094675,-2.84112325700646,-0.0600096292507056,-0.736035162310203,1.22071742763247,0.559216475932198,-0.307458619722967,-0.160550295630327,0.372285215228384,0.329872756195335,-0.936646832479334,-0.772529620204435,-0.209084805211279,"Alta Afectación"
-4.01432947465167,-0.0748729081634896,-0.0828920088481107,1.59857011076354,-1.30797332835491,-0.0325137758365073,1.21992452936466,-1.08179956215655,0.289759541380625,0.635514735239303,1.02627122763438,-0.690626744256784,0.445808212689561,0.135166221134558,0.466359372120842,"Baja Afectación"
-1.8167498892795,-2.36013239515263,0.0837444566542699,0.669472985534135,-1.36574950238012,0.808787535327707,0.449590103817787,-1.38309608665469,-0.802504594134858,0.591800446185705,0.326784456920683,-1.05306920949424,0.59325351705608,1.78511263075538,0.990349127131774,"Baja Afectación"
2.07049262348273,2.63828491810787,-1.35672201161391,-3.595566131843,3.28653680396025,1.7370325145266,-1.21323192654344,-3.76511792430371,-0.628681362949747,1.61606194290398,-1.82918914534303,-0.749906208543434,-1.2167730065235,0.499756145907913,1.31618586334771,"Moderada Afectación"
-2.99879536255623,1.27505193898055,-0.0780984412117781,0.507842534125417,0.78557383755408,-0.415506211252637,0.133881337608548,-1.49249868065647,-0.383415455642274,-1.12705871570997,-0.889872636065592,-0.0415823655771618,-1.04169938580937,0.0765506939358551,-1.14485050169488,"Baja Afectación"
-1.21691315906379,-2.13460186991542,0.224369838545463,0.505485563986297,0.472078071441009,0.591536672194841,0.439212372111522,0.813183707193261,0.834074407888804,-0.168097637062968,-0.477726630552941,0.314855461687129,-0.759910656426522,-0.682326032574624,-0.0323351849804517,"Moderada Afectación"
6.64895552924084,-0.0441924851292386,-2.03068945325498,1.05313546879793,1.8592109170942,-0.342766087143636,-0.21150818568649,-0.414396832864659,0.579625609730268,0.157527953011891,0.757962908114938,-0.268155212690186,-0.879867412525271,0.483039654629184,-0.150123950411706,"Moderada Afectación"
-1.72274742139015,0.633822825654689,1.84734816951157,0.708139034145713,0.977433781341789,1.14375643354076,0.201104452305313,-3.26209270003645,-1.14223211178647,-0.0430333770345696,1.35670875536495,0.760779810372363,-0.99731023100039,-1.54737572158902,1.16493085746408,"Baja Afectación"
1.6387877802919,0.823849409797901,-1.69323881715758,-0.316776418825403,1.1180421420934,2.07489255560502,0.368619654266179,-0.574949242236013,-0.635831876436528,-0.603470180404365,0.147939249659864,-0.728923502992663,-0.0604095655582674,0.707861071590931,-1.25582332003498,"Moderada Afectación"
7.00037451336974,0.614187929904205,-0.270917153454727,0.774183168350321,0.34714431329503,0.241498699642706,-1.92782987954254,-0.292417386672513,-2.25383360648428,-2.2458755614789,0.429889541184127,-1.04302439022904,0.285749278257706,0.228607110518973,1.31176130969996,"Alta Afectación"
-6.42549859590752,2.83975819888974,0.251174494543246,1.00713649120512,-0.924268727539577,-1.14395450728723,1.40659451963968,-0.938632819389507,-0.859570441335199,1.39651690023203,0.727583485595515,0.373829740561624,0.679842492806946,-0.277714073270374,-1.11900439343392,"Baja Afectación"
-0.0250060975232247,-1.00090801709892,-0.289802549544015,-0.0261706430625623,0.803265805912045,-0.398656497302279,-1.22764432435143,0.275286215225596,1.74022299199171,-0.327097316645574,0.220517697386524,-0.550990781983734,-1.55071759642194,-0.428237096568958,-1.4972878131764,"Moderada Afectación"
-1.40380013575483,-1.6433866914758,-0.968686846601309,1.08725945135807,-0.0538617765311918,-0.456157635391996,-1.99546132661813,1.19180864587698,1.57995073330436,-0.781317762309904,2.29453749468527,1.1785097365321,-0.891516569407421,0.175313049088679,0.125431296450924,"Moderada Afectación"
-1.47512154576887,-0.231522766466869,0.616633405816152,0.591487281242048,1.19995646083605,-0.459636797191847,1.40127500601667,-0.138245409455741,-0.827438633912795,0.614067136872889,0.704253948081127,0.718219417527666,-0.32758899906934,1.01125408192166,-0.688814097179507,"Baja Afectación"
-2.26994216908346,0.217622711190704,-1.36697156000375,-0.14397645817221,-0.0290404306617881,1.12329445540219,-0.0940937995508027,0.00235121291583761,0.676952690956495,-0.347645894615103,1.14092216574091,0.938113181753897,0.252638884539546,0.270299530260296,-1.23195544362126,"Baja Afectación"
-3.43345320744456,-0.941642064218858,-0.759799158321985,-1.67783169548821,-0.806291655534959,0.0683160522612733,-0.116385271583519,0.559087479078638,1.43871212039637,-0.345307359406895,-1.39230732968346,-0.792801652173147,-1.15939502016446,0.0015547997307668,0.0756932461934843,"Baja Afectación"
2.09227777359122,1.60906077243742,5.02964121754169,-2.66660389945081,-1.97468984289099,-0.00164937263139787,1.09616275487318,-0.201409178225278,0.650868865438781,0.336007842794286,2.50538460177544,-0.767197431983742,0.00812828552830236,0.661804267339078,-1.2697395578914,"Moderada Afectación"
-2.262662813392,-1.16096709179506,-0.466040673445069,-0.846829450502683,-0.429342250152827,-0.886145033908457,-0.148506082094658,1.12620000747621,-0.0427906683583564,-0.394577483026969,0.341951357712051,0.391965929533898,-0.0244291257788884,-1.05430244432621,-0.108868698355852,"Baja Afectación"
0.0983355532348384,-1.51500431513936,-0.00130448581722962,0.174044933233147,1.75617015158273,1.38282924654541,0.71253555327417,0.329749515974415,-0.116742357282984,-0.414477543445034,-0.636158871356321,-0.160109015805098,-0.510379865204577,0.654560207649498,-0.617145727258235,"Moderada Afectación"
-0.902309923301877,2.28554857417274,-2.80008177998578,-2.57074650259051,-1.83505949999125,-0.0182405355760245,0.776300900835167,-0.331467636814307,0.648880911703933,-0.20644528380877,-1.29672638765203,-2.32197196049469,-0.262484564593391,-1.17492813526446,0.175007756337634,"Baja Afectación"
5.44001036578484,-0.772167068753998,-1.22475139905809,1.99123300341378,-0.112874107721536,-0.0525669355017909,-0.500841885338774,-0.876759573162971,-0.0488576656707302,-1.69975707515646,-1.04833157868206,0.0246720140315631,-1.80106987765377,-0.869646378185512,-0.0388382944365104,"Moderada Afectación"
0.874893506998689,0.0440704404624583,-0.616345507733189,0.324159356758691,-0.876718038738233,-0.715007504465368,-0.798916891506953,-2.57465161542728,-1.53781858499359,-1.06348030780142,0.949545076630125,0.136412024129885,0.478113978111604,0.300151295718987,-0.0140395816054915,"Moderada Afectación"
0.326852189416927,0.922499478325536,0.902456665790833,1.49582394078751,-0.0295189471055347,0.387253353933127,2.41286887630516,-0.470502867549548,-0.544559014723686,-0.75690228483275,0.95184249322044,-1.54755911079046,0.383381187453465,-1.06545944801774,-0.489714644184269,"Moderada Afectación"
5.43240498869758,0.122612059034883,-0.456220042902652,-3.30252741877218,-0.882425219930808,-1.09910666539657,2.57250118155209,0.541298859114739,-0.767267736528341,-0.532264861578884,1.33560092288467,0.96941932705021,-0.357165474506857,-0.350679376169064,-0.192390169760372,"Moderada Afectación"
8.61160038176448,1.7649312247708,-0.92048517453522,0.606366082524153,-0.358413253827097,0.630637784152012,-0.358509053013126,0.00262289026389895,-0.918567581735364,-1.22394250941629,-0.903322004352645,0.352702062640724,-1.69342526611901,0.239846749106362,0.471972277269202,"Alta Afectación"
-7.33382415535825,3.32622346581213,-0.542488877593671,2.07108815841845,-0.984986520944713,-1.2757058863182,-0.844509948483357,0.578722996858501,0.442925528333134,1.01667946151141,-0.155632827900894,0.701386871452463,-1.24309666499673,0.961024270894026,0.463526631002525,"Baja Afectación"
5.92654302665798,4.30430700279329,-2.22852692678956,2.27850594738433,0.529343390588061,-1.84015839122863,0.0363464705074762,1.06468044275413,-1.32958277379598,-0.528821019391783,0.641626444775132,0.256831784379935,0.41235380396771,-0.709981469254141,0.803895683749572,"Moderada Afectación"
-2.42622756880194,-2.54708860174177,0.476659027376601,0.271519042225437,0.224196460270503,2.17903285530524,-0.417485041706112,-1.11131367299795,0.339306249473538,1.2984023144299,-1.35277264168307,-0.612849908060684,-0.570121454541484,-1.90222105259111,2.03031965439108,"Baja Afectación"
-4.50933674655821,0.650218004055312,-0.492498743097496,1.69001470225771,-1.35194201181359,-0.919937956066619,0.604228329331599,0.600830424968827,0.43847204617894,0.821699810097793,0.0839493998654268,0.416151641211017,0.355002970885151,0.0258122012796993,0.99790183118971,"Baja Afectación"
-1.9327087866818,0.605652917950031,-0.0426768227025689,0.160582308982749,0.863177403306029,0.90972829018504,-0.926058435475115,-0.420873250004758,-1.63136585270966,-1.10582231117964,1.58974240877167,0.493231093967005,1.12232569913091,0.407467719549826,-0.466881636258776,"Baja Afectación"
-4.17864047182632,2.83594292019597,-0.775643470932719,1.66605732832394,-0.497448313771485,-0.859425875567224,-0.775133720749209,1.099971138602,-0.355691562348824,0.380085191994346,-0.212608974089143,-0.800473714603247,0.962310357234632,-0.65828030287068,0.259793115882609,"Baja Afectación"
-2.70308627264797,1.09566947767683,-0.0773110520837049,0.475872913219676,1.34951015810433,1.01496510695431,1.37464257178789,0.324217240976492,0.152520258107024,-0.17865731353071,-0.611912164014839,-0.834299816047211,0.880648682310287,-0.697657123972859,-0.659266010675379,"Baja Afectación"
-2.41806772826484,-0.462177462919773,-0.93060831627621,1.3503349176295,-0.806528856265019,1.16770003210338,-0.432741549455914,-0.142182246637794,0.319262397541689,-0.372098557640589,0.142690895003779,-0.199225042499005,-1.16241533746167,1.25715000333306,-0.013724223195135,"Baja Afectación"
8.15344339593548,-0.439605681960399,-1.69830105852335,-1.03772398568167,-1.21333082408887,-1.53323216260232,1.1866063083662,-0.461859054034922,-0.354260341238593,0.040187458652374,0.164141210374165,0.0139441949423265,-2.39136376431702,-0.347939056834364,-1.38072768824965,"Alta Afectación"
1.95789477118548,-1.2428334643216,-0.254490399111393,-0.464697871692088,1.7928017850902,-0.813431293730625,1.07174116031205,-0.240614161117658,2.78052925339475,-2.20384030825791,-0.581525869986877,1.84666705578589,1.2986442623603,1.17918889089175,0.172664450245154,"Moderada Afectación"
0.773202333712807,-1.55483834405915,-1.10307530061299,1.01527339505725,0.134269224440596,0.0436592578188849,0.897047283627023,0.54708520235408,0.988582200661098,-0.377312601147399,1.91562965130758,1.6426018809747,-0.25625816624922,0.718927602564126,0.582049439686819,"Moderada Afectación"
0.317997449862419,-2.91379427885071,-0.519551676291588,-0.71816957077473,-0.437719310385284,0.512922634499365,-0.133945249932945,0.139731233953397,-0.361902058611096,-0.578841461394328,-0.327892993492797,0.188801280065948,-0.469279352493073,1.40606713829496,1.06050064819486,"Moderada Afectación"
-1.87210674288683,0.809352896278762,-0.347808519883755,0.0166345369203607,0.395002454256867,0.399710157452445,1.42294866134639,-0.554402763808764,0.832691058364486,0.895557128130769,1.38533467757956,0.981738783290488,-0.321310515755448,0.729569331142392,-0.673171526155191,"Baja Afectación"
-4.23931189820222,0.91539527104309,0.499125385689416,0.299661663713022,0.287180019507963,1.87505136093811,-1.31693686807985,0.338622237959251,1.34061116168017,-1.94960534003219,0.778823509818405,-1.46585586117639,-1.07544810518364,-0.0462736484415732,0.436617814956616,"Baja Afectación"
1.12991512140125,5.5094700880537,2.78333376038647,0.731005785574328,-0.0410586740569643,1.03073393338676,1.00441626580423,2.92464349994256,-0.276530789157874,0.977738822683826,-4.61999122150926,0.779885324765664,-1.43211906801579,-0.292675588614974,-1.59752012479031,"Baja Afectación"
2.2482369194429,2.55686078410705,-1.54432623641011,1.40140498483955,2.16942086404052,0.329370023740437,2.23607683865033,1.25234799698049,0.484516269248798,0.0183244956772995,-0.745141543979653,-0.261669312628763,-0.184551878606997,-0.697769922518556,-0.225624635314592,"Moderada Afectación"
-0.823179941266043,0.624039119940055,-0.0735437139823603,0.458376892612495,0.239048678247259,-1.42697703515517,2.18608623612232,-0.567693194751582,-0.320815063896007,1.57880851682281,0.504025076400748,0.278039453927849,-0.141537380912252,-0.0922950614889946,-0.915797331134167,"Baja Afectación"
1.52338930457425,-1.11503801274704,-0.495246296619691,0.641936340086829,1.2750694447528,0.615301004401299,2.093722126325,0.0253205726862068,0.0875894526931027,0.879228250373491,-0.85786494240577,-1.2196305811329,-0.0726887743151385,0.754595343052204,-0.201058853801707,"Moderada Afectación"
0.127903549513879,-2.90127926319082,-0.468730372203777,0.630529333053316,1.87752815874422,-0.581679340331987,-0.815666991117067,-0.0310915331556582,2.62360761927724,-1.80195624847248,1.25544556389031,-1.75081845521392,-1.80652087076753,-0.124771243024821,0.0718430797438323,"Moderada Afectación"
0.20570097872307,-3.21935227050253,0.201050452312168,-0.265067814249646,0.838758705904121,-0.251698318144603,-2.09383438157586,0.327886862978817,-0.479205749224965,0.371147041865481,-0.749860355738852,-1.01471485351999,-0.100457215445402,0.217543311639474,0.231376849947541,"Moderada Afectación"
-3.10890975342758,0.934482117119567,-1.53346609265797,-4.35925194133292,0.970863155974498,-0.0874830858176615,0.432216518195631,1.06582857983478,1.40602753384426,-2.1329938086403,0.172484706091288,-0.891085067582203,0.845553449960657,-1.54360636284432,-0.359705480046331,"Baja Afectación"
4.06713451951299,-3.24501083876249,0.0510406367512666,0.823510780917964,-0.334741232799859,-1.36352463358189,-1.04205022447489,-0.909559098220182,-1.61994696424563,-0.623467874416463,0.40005855817473,0.24348809808352,1.22237260248447,-0.0435602498692869,0.659985640917284,"Moderada Afectación"
-6.54117993076567,2.526384488791,-0.0197539957568072,0.895904030857946,0.712618632548532,-0.993369332282408,-1.78582690644381,1.25427084702505,-0.316304678220015,0.0595444257463265,-0.29119801120081,0.234465202852014,0.142618483224367,-0.107033789729659,-0.578675331719865,"Baja Afectación"
-2.79038409181067,-0.200249817123054,-0.739790285113987,-4.40552177285053,0.495766130004126,-1.13264964271044,2.84084560826609,0.43291073361746,0.8793226559679,0.0313021881577381,-0.401376337279556,-0.0525021163989442,0.221013391814389,-0.467218600188017,0.372101170120259,"Baja Afectación"
0.0497261436395068,0.715555395155363,-1.04965063472405,-1.40396874180212,3.16668836670907,-0.521518869916068,-0.666397199254164,1.67661471092089,0.0800129175175921,-1.72249322388108,1.58692353258495,0.771258062771383,0.0679391136197573,0.227852800252426,0.326958358467482,"Moderada Afectación"
-3.94133036405041,-0.344474966951832,0.00843166146797238,-3.04623872974109,0.456680706285288,-0.0128391494456476,0.610461753222135,1.40728915398885,-0.455579224262627,0.388768507202928,-0.927440840628607,0.804565764683728,1.17319254053565,-0.825291057756983,-0.269943601505261,"Baja Afectación"
-5.61016974089655,0.635621935191238,-0.395850531204977,1.24306360705102,-1.17373352568778,0.638653484838853,-1.32823772810824,-0.690957372577088,0.734190496295053,-0.626947990172843,-0.515879051944376,-2.29309070194565,-0.475968314931521,0.160981691561781,0.821646447889551,"Baja Afectación"
-2.54314486946963,-2.20694260443399,0.844621625970635,0.373369236755982,0.378425399591416,0.867845206120353,0.0619569293034262,-1.31680992982559,0.373502886368742,-1.9579790894945,-0.890058597468845,-0.822283807396623,0.236037222319029,-1.10824395176504,-0.802170800878656,"Baja Afectación"
-0.483923682491848,1.42789535948762,-1.86624050513536,-3.27322016594457,-0.954307205601925,0.912263730749768,2.15680342175074,0.637515506082408,-0.541221448934761,-0.419080864360741,-0.331922724448654,0.689806343586762,1.0252863192467,-1.13203501807983,-1.20778139602667,"Baja Afectación"
-2.62862714238803,-0.0647409247457741,3.15564097478387,-1.02673901753245,1.17630363960323,2.54853150930204,-0.552467516943289,-0.0036621961157966,-0.55176092964252,0.585762025340381,0.439739511711611,-1.40876045849305,0.57179055405564,-1.99588697491594,2.6092126346744,"Baja Afectación"
6.9329620781185,0.427514059949175,-0.00906765676666647,0.931922428340461,0.174465847404605,0.238754391646485,-1.16675585599725,0.73255472486259,-0.173144908759483,1.03410464492125,-0.161827416391525,-0.852709899902806,-0.623198598531697,0.894555390365465,-0.531007308889461,"Moderada Afectación"
4.49155262406477,1.23608802176805,-2.41159094720251,0.751403170676871,-0.406728282234691,-0.851439404030135,-1.84671063861407,0.224885014576293,0.393330253403709,-0.232990574390273,1.11292942203095,0.144748685425769,0.162077907360209,-1.10166292733705,-0.516126640294423,"Moderada Afectación"
-3.23950458345207,-0.291610504289913,-0.714123606998678,1.60284301196382,-1.44205322099622,-0.255710453976734,0.276931024998705,0.164424430793798,1.05804314195045,1.06161042626248,0.330994426466141,-0.241187551461703,-0.184799083807985,0.599616135667424,1.09824897916578,"Baja Afectación"
-0.600233445632905,-1.45769036781778,-0.440870327567919,-0.000586774365937785,-0.293270806568063,2.55804356274784,1.64692842951705,-0.732455267121663,0.302638408105545,2.35650352101498,-1.42045480741272,0.616620650243848,-0.540905161989707,-2.30025357221535,1.50338207629933,"Moderada Afectación"
-3.39667788636359,-1.00860581862263,0.516714160329701,0.217024734445974,0.223039189937491,-1.37690681144946,-0.627252708546682,-0.121611770298347,0.00924410213411575,0.692647058198294,-0.403192044269973,0.329680106693804,0.474071684428107,-0.940438576971307,-1.75136447511303,"Baja Afectación"
-0.931267761580871,-0.806716074023502,-0.786297363811286,1.38479205805524,0.918793381582722,-0.0524348842920163,1.93107687414221,0.00353255875576557,1.57565180382461,-0.0618250357650692,2.4106644929777,2.17587792770168,-1.0309007305213,0.704418353879431,-0.599716939767505,"Moderada Afectación"
7.30257425138012,2.13247745546863,2.30227302516757,1.78901080256335,-1.56998338207845,-1.72432111803125,0.077606897364534,-0.949521809748425,3.63988914849181,-2.2722336937543,-0.915706170089618,1.79010222878708,2.21703540474965,-0.373694829209229,0.514587158851337,"Alta Afectación"
2.30653623235962,2.48264255164833,-1.39730002366409,1.88020369120474,-0.198280877571205,1.97357744292294,-1.03915273583555,-1.07766972708287,-0.0401857553268175,-3.50624858321837,0.641295559150556,-1.63442070718424,-0.614795522970567,-1.51355044925737,0.587286907567511,"Moderada Afectación"
-0.944006974891654,1.52508265205364,0.21569905120172,0.304761093858006,1.83096887368485,-0.981600862236289,-1.13847518055179,0.568233052337159,-1.38854890018863,-0.776308363587829,1.02338353856066,0.140916231597673,0.593632802704356,0.591077309068937,0.101364878432881,"Baja Afectación"
1.4405407782218,-3.11804488592639,0.298567294290229,0.529924408550622,0.188218842554716,-1.01495814873792,0.3250593494938,2.48018983611979,-0.68648297767065,-0.138883943608662,-1.32169800211452,-0.208296191580058,1.579909319283,-1.42054721918501,0.633371678548694,"Moderada Afectación"
0.97900696019843,-2.02312934076266,-0.701815996477009,-0.767557805747153,1.56659995642588,1.55206291912529,1.1394063966097,-0.610921455291606,0.377960983679443,0.311765813737331,0.789267771365608,-0.244873475967676,0.0354082246158044,0.110023536384855,-2.250498011926,"Moderada Afectación"
9.2579376814471,4.97666534367952,0.65105148143712,-2.53765531537514,-0.668191757869092,1.4242954355666,-0.341371378962395,2.34420113982014,1.88103333386444,0.878953673416184,0.392993542350798,-0.145781862528649,0.134219636124424,0.242271075538766,-0.236911394895849,"Alta Afectación"
2.16174719283834,0.734236557963771,3.15104409130882,0.507504768721921,-2.3985503738021,-1.26255957646931,2.08685889199588,-0.163913178334772,2.75072094131848,-1.19698143156624,-3.06195158118319,1.20948195780645,3.31359916135217,0.324473816407593,1.35849169252963,"Moderada Afectación"
0.694307852270645,0.382236139383845,-1.31279562673612,0.833588611809377,0.600098577980072,3.51197038311298,0.333211599454477,-1.15951986039409,0.422742565972907,-0.159324671370866,0.806402454965221,0.607125648071225,-0.2939074853822,0.480790200852844,-1.7758916246221,"Moderada Afectación"
-4.12560051615649,0.813415434192221,0.469973094786979,0.269400993620479,-0.0822235272837689,-0.724867389740596,2.28712986640131,-0.574460547941152,-0.322011268532726,2.13653440652016,0.0118642773364249,-0.285030902168561,0.477588361822388,0.216659110927214,-0.630876192649759,"Baja Afectación"
-3.38031665462538,-0.740180432333519,0.325496549534924,0.145310274070915,1.02081597099153,0.091956445047902,0.562285447173366,0.937013757380496,0.195896862218243,-0.779006099563079,-1.36627743430063,0.148002739983685,-0.182606905299541,0.108566701200209,0.414447317841211,"Baja Afectación"
-4.82213644652091,-0.383588890753475,-0.0889117946928296,0.700348129375112,-0.245596496372899,0.16472783820819,-0.89036645490454,0.169653316299123,0.633114850853286,0.313531109233811,-0.326378908175367,-0.549944687943996,-0.655318535899907,1.76631679026666,0.856442181301551,"Baja Afectación"
0.941793942962213,-2.12372192691313,-0.240966973187486,0.255573334642852,0.772855079233413,0.464681660245316,0.278547116024374,-0.0645394571823527,0.25716646294615,0.351226440686806,0.379645505777078,1.03441748888842,-0.414938806475592,0.881499768245223,0.168752441383871,"Moderada Afectación"
-2.88052050508512,0.122195907150692,0.179303063915028,0.551698693040022,1.15131428043687,1.62685703578187,-0.0482278175334862,-0.339594009288673,-0.318862480115031,-0.793635867425417,-1.50557161668381,-1.30813963262086,-0.708599057986335,-0.0243616308274901,-1.29396314173172,"Baja Afectación"
-5.93353085195038,1.57680392675039,-1.06914644217483,1.61907327579002,-2.72059374340976,-0.0332784783402817,-0.292599105865272,-0.2720601807408,0.82844824300229,1.64715371818884,0.0302170504445921,-0.66799552709535,-0.255805195046549,-0.0817249369764049,-0.556776923728208,"Baja Afectación"
-1.64995776850408,-3.29696879776951,0.520694431572439,-0.251847832005857,0.497029073846345,1.04922215020262,-0.0820163644468543,-0.76976867765473,0.585750764938514,0.812138239126643,0.639805009957796,-1.1561308892251,0.356841478681124,1.20804491563598,-0.36650416128406,"Baja Afectación"
2.4777023140479,3.55667677077976,1.08873082867157,-1.85625197467288,-1.4889863285896,1.22146648424084,0.222000850861288,1.10261703793411,0.960137854134491,-0.279880721746855,-1.57490829416007,0.763599164852371,-1.65646061719622,0.922394456905661,-0.316525863184542,"Moderada Afectación"
2.40500973271028,-1.56808806026157,2.90625971305751,-0.319469450121307,-2.64567572048098,1.04126693439921,0.755021122354732,1.07785902634874,-0.33374411060718,0.655534714618314,-0.0850435074612151,1.27312909982946,0.454952592944812,-0.661881164723918,-1.33562605667851,"Moderada Afectación"
0.761142570488621,-1.13624604022483,-2.42439435166927,-1.89822632485969,-0.668354552969954,2.29733687446414,1.61438345527616,-0.415573019242055,1.58104568318155,-0.404046963673222,1.46797279100135,0.592130502842901,-0.342973143626871,0.975126054963038,0.0173928933645564,"Moderada Afectación"
0.139581448272792,-2.1152269800657,-0.743063064686381,0.36248203441093,-0.0488503161356186,0.66663906268024,-0.498798480400034,0.748856856684274,-0.338290367736284,0.41782823653201,1.09486753583555,0.831286776978329,0.878395510359067,0.788948320970906,0.490096323464934,"Moderada Afectación"
5.06486736132645,2.87612882446205,-0.580490684972945,1.86821787475134,-1.02992822649852,1.51657652509069,0.2658555111324,-0.229574956266917,-0.704665602026845,-0.471885411786348,-1.01738292136958,0.480472031136349,0.318846196444174,-0.170670736000283,-0.448632793036001,"Moderada Afectación"
-4.71307078621136,1.58184178067818,-0.304490680406152,1.35145191761424,1.02625502092569,-0.640445140251797,0.277868838866298,-0.133947302277417,1.50305106490781,-0.577207791715967,0.949809343374674,-1.29373964929666,-0.543434692080969,-0.185383629825423,-0.454510909151083,"Baja Afectación"
-3.43797715533933,3.5634947736793,-2.58819976197629,2.20453394351737,-2.28460023552948,-1.31284566785953,-0.0146376870866971,0.519251500174867,1.37881259075366,-1.27911664981485,1.56639677316678,-0.93539167343677,0.720095616098868,-0.961771257658981,2.45205246606739,"Baja Afectación"
0.973917235911981,-0.13875024497626,-1.56822403842048,-3.45851705953722,-0.446836545242401,1.55833158632189,0.22841556277968,-3.71828421681673,-0.163202193041369,1.0911893262059,-0.806832263053977,1.16345961467481,-1.88250780405529,-1.02535158985505,1.591775973603,"Moderada Afectación"
1.52615507157064,-1.68794537340924,-2.07688221111509,1.28078758608035,-0.736481548982574,1.79114185364076,-0.650055061955979,0.578280309790467,2.01257126502021,-0.292809966722792,2.11602472500428,-0.667702574289146,1.91486459744825,-1.18030058680284,-0.260444469209522,"Moderada Afectación"
5.49744895216711,-1.48658236488509,1.27449475821999,0.788960569473013,-0.325527389054533,-0.345115841041919,-0.240352219645707,-1.10406943072561,0.826108005969025,0.387294742527164,0.404384925407663,1.78510286231182,0.333599882245113,0.0253121273621392,-1.43817370107532,"Moderada Afectación"
6.33024843927409,1.97813280775567,-0.947775333429467,1.49715111939249,-1.05997076058642,-2.19323422361038,0.99205722303239,-0.175648022464857,-2.71052917925064,1.38525040857124,-1.03011993506793,-0.457825502675292,0.0178540405916554,0.194482417674606,-0.714359870886699,"Moderada Afectación"
-0.590384770746005,1.05051075368295,2.94191122065291,0.828164367247834,-0.322821018910762,1.10604341527365,1.36760556748301,0.0904727411865525,-1.27355705397004,-1.40112082700784,-0.919645903272943,-0.921469034845988,0.221882892643174,-0.677686779734856,-0.259575033534247,"Baja Afectación"
-2.8457800978794,1.50610662391614,-1.42133219708007,-2.87698629145646,-1.46629374050689,-0.430493373413033,0.772261869773699,0.0539059083483611,0.648355631075181,0.875935715794686,-1.27188219752424,-0.888305484958976,-0.221130928646326,-0.898532023938814,-1.66328766523961,"Baja Afectación"
7.75042948595798,-1.05534885954955,-1.49142047604294,0.455750233174355,0.0392781525006442,-1.19732523949749,0.632550279101274,-0.0070977259918671,-0.287448316812948,-0.287204060968153,1.48076668841899,-0.621853255663719,0.160333791176195,-0.0074889281629798,0.00773272677457805,"Alta Afectación"
-2.89269805559446,-2.07640810256658,1.07242191549813,0.312739078587269,1.31256724120663,-1.25406315490907,0.269705204596356,-0.535315206619293,0.988903941752264,-0.283628951341565,-0.662418361341564,-0.561451055244902,-0.3508391059521,0.212168660040795,0.251505001126281,"Baja Afectación"
-0.735810308959755,-3.62972736645913,1.08596438486203,0.947735343767663,-0.291142140520305,-0.708986624264842,1.31988245367491,-0.687518903840513,0.0527349116562299,0.87416559024485,0.581630885609121,-1.07932152408728,0.270442687293916,-0.635867300525323,-0.837966078879302,"Moderada Afectación"
9.75620262976784,0.722814540665959,1.56396237466361,1.40361545880546,-0.883458828913284,-0.0923584572252937,-0.372912423722956,0.224710922400226,0.27413196748444,-0.291865828540714,0.196190013332688,0.17864068581596,-1.40183128387225,0.28785956920727,0.0104464100197966,"Alta Afectación"
-2.38713914195245,0.0296843901218672,-0.347507309649474,2.07643423760726,-1.20292193100539,-0.366417616413282,-0.724087133690776,-1.26651412388256,0.52351445208492,-0.178275763012217,-0.934839391691465,-0.777536003163658,-0.395173805041706,-0.708963922091086,-0.560764168127712,"Baja Afectación"
-3.44647957403267,-2.32988792880289,0.688577678999842,1.15368450211108,-0.872150202869447,-0.140948754963079,-0.0182068618426875,-0.939424473134605,0.846683524566342,0.720157291296175,-1.15347847647663,-0.414960199688445,-0.133671066581601,-0.0703616247088131,-0.349989717399887,"Baja Afectación"
-1.51671380195855,-0.797022983370538,0.0688927483630951,1.13596348873695,0.554938259936836,-0.851966587420474,-0.120392544759964,0.869569150133795,0.137034474609073,-0.646871861072808,-0.588189382999738,-0.217338151067045,-1.37602145954102,-0.0205692887781172,-0.255388260146794,"Baja Afectación"
-5.33032086442478,2.16275612956211,0.271562549562223,0.692615966770566,0.0454935421064789,0.262124896481549,-0.431914446725706,0.34795709331444,-1.65593515446435,-0.513734008932025,-0.248856999600609,0.635657232180414,1.06760682029557,-0.646066402846076,-0.754135119929407,"Baja Afectación"
4.39674364929892,2.35017195546038,3.84158039037179,-1.52123096140413,1.74518577588277,-1.84428968064831,-0.637391188563297,0.574527098530037,0.0587034837088344,-1.08670621159376,-1.76043102587918,-1.3717059077548,2.24768435793869,0.768419362530643,1.13690394444136,"Moderada Afectación"
-0.584822263984725,-3.5525863785277,0.272076029382632,-0.559586237948274,-1.15755294855502,-1.30566273338183,0.769680769714209,0.170466227223659,0.75053904852942,1.17491041735902,-0.683361987133061,-1.52105173244221,0.0500029495299847,-1.06806512879516,-1.22743855245216,"Moderada Afectación"
-3.15812109739797,-1.7241459398715,0.801829340642184,0.854830032488341,-0.359756095619489,-0.553372164185088,1.35411266920946,0.145254418944437,0.968126226162174,1.64724234903214,-0.156006980110856,-0.0123869089995777,0.0195682993653536,0.235609289466857,-0.409932269566281,"Baja Afectación"
1.24950458950102,-3.20299899492451,0.787286939245367,1.25166984111033,-1.54137684730266,0.518245081113208,0.127460616995884,-0.0938819368919721,0.9398693045782,-1.58617396003131,1.32509245231063,1.86704184542765,-0.866771878220177,-0.362655346833866,0.456807274307508,"Moderada Afectación"
6.55805141601146,0.254856779898312,-0.841368232907053,1.40419824575548,-0.756105034383708,1.29762640570888,1.01358136086907,0.091786302135553,2.60204722549173,-1.30597001148951,-0.358750915815788,1.15791717090211,0.877771640547561,1.67395274234767,1.43920416499818,"Moderada Afectación"
-2.52420929949198,0.716763164818847,-0.778591129261736,-2.0685404297588,0.555912795734892,0.393446114923467,-0.250907041328388,1.18948892588233,0.0938116784325155,-0.621862647926217,0.0283697881000151,0.371872798022786,-0.626642352542804,-0.86438444121739,-1.04229549202927,"Baja Afectación"
-2.25945526859515,1.08236073860156,-0.156679019200787,0.628159497666196,1.91720246452801,-0.620021865163443,0.784083988114114,0.581611087509055,0.110002841896232,-0.129326087685897,0.0907685921211723,-0.633696418102834,0.411117142424103,-0.239673611329997,-0.792539980102191,"Baja Afectación"
-0.249400939158185,-3.8147482643542,1.08221607185039,1.60511103913776,-2.01614342970596,0.0434949494382288,0.361870238186778,-0.234650127631817,-1.02243937754954,0.973249179752007,-1.48344435543385,-0.121072177284554,0.0433704375175314,-1.63262320285389,-2.28521460513607,"Moderada Afectación"
3.46165154494735,3.79906443885598,0.905032674307418,0.892258607471791,-3.69188023191634,1.57218105751124,1.33694772250357,1.59950752159871,-0.282213262415514,2.20707534049717,-2.81067762357562,0.228325477639342,-0.0016709307544012,1.01294045854281,0.897449909476038,"Moderada Afectación"
0.234812761468485,-1.4171369613896,0.77538900066396,0.693914976107409,1.84522462659154,-1.56980936086712,0.50193303273928,-0.180076309111542,-0.692038035823156,-1.34595929902628,0.695411968234484,0.174484728217181,0.540615742502601,-1.03354694196347,-0.596596333701563,"Moderada Afectación"
-2.50644470487213,2.05559230879824,4.91372873336651,-0.927065143867491,0.464547024689595,0.548616727356469,-1.03614245052329,1.83857791823155,1.14812697460933,-0.334091664683818,-1.35066381394247,-0.552566855026322,-1.91472850528351,1.08799289278002,-0.361228485026872,"Baja Afectación"
3.47411592394007,0.164435829125193,0.747623748734009,0.146618104191123,0.790009324574381,1.31432875258785,-0.166184978312635,-0.800594313673418,-1.88580170004238,-2.28916343352572,0.687035022267318,-0.722210346971945,1.10069308384779,0.0915016852627759,0.378827429665422,"Moderada Afectación"
-3.42877342317543,3.76794316885211,-2.33809773898376,1.99367750369908,-3.18862430654278,0.0407882092444767,-0.300564588632194,0.688852273338805,-0.913386710913017,-1.26506364461994,-0.0249225151217143,0.805779822965367,0.439335420400044,-0.133253226898667,1.93719924837554,"Baja Afectación"
1.87931532417777,-1.20191353654597,-1.32173927636735,-0.860911389841296,-0.959278615052268,1.25927064622388,-1.81048209044699,0.150051222758962,-1.35229676337353,0.426165948940747,-0.173735986956176,-1.2521091082137,2.09180014097972,-0.193706677104682,0.480170379976395,"Moderada Afectación"
6.57471287860292,0.125290035738225,-0.990240939754464,0.0835579066434282,2.64688556916983,-0.980449332482735,-0.379605802796949,1.74532268561293,-1.06735126394936,0.621921066290434,-0.464059410693403,-0.249775286238706,0.993185103059951,0.392335126041683,-0.0643743723350938,"Moderada Afectación"
-5.27109398590258,0.287274476837271,-0.0367680537636223,0.11111274447806,0.31851590539221,1.52384887824802,-1.12131181236083,0.105862905417533,-0.0376151285567471,0.583782562644055,0.25803263933916,-0.802000658678151,1.13139475130048,0.849934956430728,-0.381798467713584,"Baja Afectación"
7.38748411642756,-1.29342242981716,-2.01196247274425,0.397601753357715,-0.428151075231201,0.105655739436434,0.250734155284622,1.84230224263933,-0.775986970887628,-0.553379527712683,0.0529294944332683,0.817544369302146,0.324247996095338,-0.602837306764224,0.0357380968011085,"Alta Afectación"
0.994211298016572,-1.50723613576981,-0.138401818379152,1.65047591495718,0.355026755593924,-0.859111686529649,1.19194005967308,-0.36828320220606,0.387226360504085,-0.351754496281061,1.499410084197,-0.0381058894982443,-0.934889087098824,-0.853198180235086,-0.731159333639537,"Moderada Afectación"
-0.557451880687926,-0.806857563139626,0.232638859816214,0.0339543248158576,1.99840178612156,-1.21813243152099,1.09854810437467,-0.348736993953999,0.419232736123513,0.41993090490618,1.44606950972184,-1.49929894326888,0.426698879802386,1.33937667320868,0.664837033745427,"Moderada Afectación"
-3.89488849683218,-0.390189271108621,0.338078498083626,0.252554640300066,-0.385333701084567,1.06664214394429,-0.725033501382335,-1.6719704332717,-1.11100848152517,-0.664761849577837,0.285663237501331,-0.815572590192577,-0.335744079670704,2.28696339303125,1.13137896785832,"Baja Afectación"
-0.283500241089995,0.210966380718088,1.40052727185274,0.601040362133748,1.11350442824569,0.872788690775284,2.14791054692068,-0.207071515559732,-0.845469204218113,-0.565621672034917,0.520822508336102,-0.796147267506539,-1.05577637262585,0.135722806423506,-0.537042314008068,"Moderada Afectación"
5.4651567135086,-1.11704250018595,-1.92454212353232,1.63926621207335,-0.682903366236185,0.713968864391496,1.60848683715528,0.512017032838804,0.244451967252258,0.186624109541461,-0.108826358589459,0.582806661098738,0.235715533947613,0.269412103450152,1.0925194078489,"Moderada Afectación"
-0.661406760763285,-2.19180618979812,-0.239966786195558,1.71529480000229,-1.23676240067164,-0.354326130369514,1.26427503407829,0.585420035260148,0.598103646810211,0.711244160355388,-0.364436534377128,0.0836626636321916,-0.469023284025433,-0.494196378801028,-0.0141724174960256,"Moderada Afectación"
-0.949882466829228,-2.89465455896208,-0.404436209586924,0.339760149715794,-1.09736488925826,0.603280286085624,0.404564106074152,0.501729280311165,1.07566828390023,-0.556155465111612,-0.631697597753547,-0.415364695368938,-0.568405512137741,-0.8974247059746,0.0570804358817432,"Moderada Afectación"
-1.50430064047009,0.321262289403711,-0.483737512815883,0.310169289318549,0.165991484426591,0.0838739876801869,0.50735954666027,-2.78912190034611,-0.590870201875392,-1.08222859540144,1.00301690494793,-0.209105133265834,0.327156386587367,0.657967429194356,-1.01243167726545,"Baja Afectación"
-2.65696153984132,-1.90924260766326,2.06814946979228,-0.722868234433186,1.48176435523834,-1.4142482293409,-0.0337354713292723,-0.883450144797403,-2.03429004559223,0.72821920347267,-0.00953058732024661,1.29320058542669,2.06983781072565,0.911986058767607,-0.3354953068097,"Baja Afectación"
-1.87232022975546,-2.38524270034144,1.38777310615803,-0.204423532838913,2.17144126577371,1.62848309103197,1.34716184195734,-0.821590822342759,0.737242676539581,2.15909767239141,-1.3127927717911,1.6237297878229,-1.56313809944623,-1.59820657514564,0.930266045094392,"Baja Afectación"
-3.25385667783919,-2.78784484143327,0.153389005555732,0.656961723516217,-0.473323070785525,-0.0612390169228221,-1.80006198126075,1.24693706377325,0.854154002219604,0.280085106667522,-0.809645383272997,-0.490076050096806,-0.07660848250001,-0.165051791217301,0.200639044517349,"Baja Afectación"
-1.86695026319961,-2.09128809403054,1.31852037213609,-0.921723016930557,1.05968882495391,-0.0147713060016696,-1.7329397392387,-0.77364410660044,-0.423712821460098,-0.21734079607104,-2.27178263872319,0.479387787254332,-0.152930347825344,-3.05687316813531,2.44811306977729,"Baja Afectación"
-2.60616453018885,0.210097397069517,-0.75966113897077,0.447944029902122,-0.704450313871451,-0.269234552094036,1.03931096951243,-0.802506286678596,-0.00666268603722997,0.843663893398342,0.571721583442456,-1.00930499481822,1.06540270057488,0.626609540015664,0.121628290670344,"Baja Afectación"
-7.1863822900176,4.04221488185239,-0.362100922132467,1.68443439020327,0.0779382483317854,-0.741673756034194,-0.183497904486343,0.124580259358841,-0.109275358839079,-0.150406970934435,0.561557152049708,0.96624742206464,-0.452216919447989,0.0460885812386169,-0.657336947301515,"Baja Afectación"
-3.00689940741059,-0.0747537403255596,0.00392735385432781,1.60531596064822,-0.381826678029295,-0.0366797086411288,-0.391945389514801,-0.951280938006785,0.959667326289346,-0.504652974943914,0.97207818809862,-1.09441564004703,-0.658957717813345,-0.786466547588121,-1.14694992151156,"Baja Afectación"
0.069905281423485,-0.579514376295706,1.4198110180603,0.713798164651652,-1.49272071432994,1.9025158162385,0.846436242473187,0.558950474182048,0.0118570701027765,-0.438994022772828,1.98994501181126,-0.809511045977675,0.542457969985705,0.42124535474783,0.454768551550357,"Moderada Afectación"
2.61626570709992,-1.41698954266833,-0.638258160451219,0.713326124415783,1.93706531034484,-0.113584918283399,-0.255490519977976,0.493572764153281,0.732509868646471,-1.97161285436936,0.629863649313428,0.811708853297349,0.106735027197072,-1.59806563605682,-0.542550805674695,"Moderada Afectación"
-0.928692581298568,-2.12843938996826,-1.0718914073192,-3.4727786755712,-2.30227757623099,-0.766435548735393,-0.436366222232154,0.907224774702487,-0.0290503727166391,-0.651536954358474,0.484533272999088,0.43012668616143,0.163850501578497,-1.04980108453465,0.420388064517173,"Moderada Afectación"
-1.22827418228721,-0.717488137922235,-1.4203993502182,1.19377095873216,-2.20868362107038,0.721029405374937,0.910845141393592,-0.811779065403293,0.261071857110336,0.958705230767982,0.533294608077311,-0.345458976457194,0.43652474632795,0.135477688991942,-0.430592822765574,"Baja Afectación"
-6.71799896348533,3.45610260430203,-0.722391628151141,1.18087893375094,-1.43933410457819,-0.518833456356143,0.18025375128129,-0.236484895935794,-0.88145607593742,1.09316386349113,0.329867713354615,1.43873896393443,-0.14734228530163,1.07173976751293,-0.590695960958971,"Baja Afectación"
8.28093993330478,1.75083400820368,-1.04210911905153,1.28439935179587,2.86864963675853,-0.194157898443969,2.51350272463377,-0.252008597288708,-0.114324492487759,-0.119755076798647,0.450469867761728,-1.0663149342124,-0.480520397413699,-0.674123891727608,-0.927251921610747,"Alta Afectación"
-0.605375597879647,-0.417334025929597,-1.22572499807785,-0.554885652990082,0.271486908997357,0.871893838959596,-0.24156822509694,1.6796444128902,-0.291231478135243,-0.339431326939709,0.428825618985424,0.920500372630381,1.0486421451239,0.000527685207912097,0.195333102646217,"Moderada Afectación"
-5.14024135631255,1.86145009381037,-1.13407132166805,-3.15670571486415,-1.73658156984884,-0.703411933065121,-0.632871187783133,-0.914726411306609,-1.27919739771985,-0.740331866811441,1.50541035474143,0.492955524915192,0.426074898017398,-0.211535244380911,-0.80512535971344,"Baja Afectación"
4.29559381795572,-2.49914665223524,-1.16919525671894,-1.0905476886326,-0.772199893541016,-1.88400644727036,2.37995874620124,0.462685325316138,0.100574549402664,-0.685479622382508,0.883320998322264,-0.187791391144321,0.190153815501933,-0.620971696541115,0.171976524059949,"Moderada Afectación"
-0.524767826039489,-2.93205905307346,0.20198113221816,0.0382010575502433,0.76699997001474,-0.51366727962757,-0.353290116134314,1.58378390633284,-0.127394503127072,0.352226052351518,0.59213198214497,1.04346177172032,0.742256272806613,0.34781704236364,-0.146665720023138,"Moderada Afectación"
3.55196422466259,-1.50664381612408,-0.51586735099237,1.89219795512548,-1.61531586355365,-0.470775885468577,0.37817933899813,-0.983557922734774,-2.24337547071754,-0.362230495106736,0.305576262464165,0.732387248091298,0.549294070220176,0.0716852152636745,0.402140227067552,"Moderada Afectación"
-0.37493092349747,-1.81464872707946,-0.283507290827028,-0.108186965780733,-1.0642676196284,0.373969214070517,-0.205863953743147,-0.807486612432047,-0.913392009400394,-0.0591590197911975,-1.27756115670592,2.24967703620288,-0.868735968986782,1.38204693505603,0.0695218570008188,"Moderada Afectación"
-0.217697918469959,-0.841900800291397,1.24091079030788,-0.750770036036906,2.49277312324878,-0.389244033539944,1.52349853891577,-0.11613793361377,-1.42894338877093,-0.746282554859363,-0.215724056108446,0.110964818890372,0.226003942804165,1.48288458588431,0.848615295724174,"Moderada Afectación"
0.989643418894532,-2.33705413945806,0.306807585642512,0.614574340419134,1.19160316311186,-0.657000549562773,0.97794281082035,-0.301972607961192,0.0150177669851806,-0.479511033338811,1.08541538800326,0.221743341907474,-0.285544687798083,0.436802367620626,-0.623538255204706,"Moderada Afectación"
-3.5971402949686,-1.47244422237152,-0.400198888345345,-1.57341806388803,-1.85772815396183,-0.125058354227666,0.0336221766910946,0.28936927653159,-0.0756201349429829,1.14292008801873,-0.194061418032021,-0.0434376647369729,1.18234720011709,-1.41064929031908,-1.19216895567027,"Baja Afectación"
-5.5379469273345,3.48634570954854,-0.963353107672069,-2.24653966839714,-1.60518805032938,-3.38049453643314,0.587646636907062,-0.257136143474064,-0.0766805659035062,-0.273449134429019,0.289632552897602,-0.287196796962009,-1.77820820059388,0.192922319862832,0.593984972950938,"Baja Afectación"
3.19667446170279,-2.26538622618294,-0.398783707180552,-0.736701258710758,-0.353927814651732,-1.27323880356636,2.47228127610075,0.136564175979026,-1.04503269188716,0.399372143772308,-0.317886810517437,-0.434168379696108,0.624437045637948,0.847542950242929,0.598652133931903,"Moderada Afectación"
2.87717554751585,-3.27289029623248,-0.267020721747953,0.931341025637068,0.186889476345647,0.359148775243806,0.862770140009221,0.0439251480790672,-0.451577666679872,0.60187296159278,-0.424863376501788,0.811663827002142,-1.29361846167097,0.968483505250608,-0.578998445444519,"Moderada Afectación"
-4.49297792526086,-0.263783334813194,0.30316263523581,-1.07766803739733,0.580738325544202,1.54871510858382,0.125633545951081,-0.374733145138034,-0.27290844839106,-0.271291030511856,-1.44411149262587,-0.93209951099032,0.0747528360629134,-0.0692437061035579,-0.635340629003902,"Baja Afectación"
1.36918958931363,-0.662413858452674,-0.468695366701916,1.68378740812106,-1.35144938066521,-0.340634194200302,0.350757124443859,-1.3462995031314,-1.36747663227835,0.0671715412277141,0.719796757625668,1.67248359562099,0.63341785929888,0.539648255566935,0.398188464085124,"Moderada Afectación"
-4.62447788399606,0.14090246606474,0.196141404886795,0.719197790061463,0.40458731556418,-0.0493292918612928,-0.215767332025129,0.254712562801073,0.198383862975591,-0.199026475316326,-0.685795158207565,-0.298516465435241,-0.779943917135132,0.529174260212728,0.521050611990856,"Baja Afectación"
-1.41906783401611,-1.96703467606823,-1.18022043234607,-2.12915715268114,-2.20723976046334,2.32163394233665,-0.699341032653611,-1.70489890233246,-0.545931310175317,-0.406155283687781,1.49954764342163,-0.371260135996184,1.26246464080848,0.129072236130296,-0.281380682791377,"Baja Afectación"
2.14532017797439,5.2324065537023,-3.94566838998296,2.37879735119691,-1.27885527158551,0.0943702850090446,1.05719202791345,0.0556998802697945,-0.798716439520759,0.867074919378162,1.91322054561831,0.994405144342265,0.747045906328767,0.504517502303815,0.879645851795516,"Moderada Afectación"
-2.35865765583908,-1.08414870888312,-0.545676529379117,-2.53522353913699,-0.536554791581286,0.81966154165488,0.451359692614111,0.300912894179207,0.00663175314637854,-0.593472312156371,-1.87976955534716,-1.05954662574041,-0.547463291260047,-0.225949061835645,0.140198409364624,"Baja Afectación"
-1.79359081785447,0.551710705044061,3.00899102787024,0.383484848364847,-0.682860442744966,2.74133233743433,1.08944244112093,0.581092396304198,-0.70637351208496,-0.39645722340087,-0.647842555251028,-1.61839029098777,-0.142420554024115,-0.504183093395418,-0.805482466702441,"Baja Afectación"
3.68999668057642,-1.27813666342916,1.1374767500992,-0.79067677932847,2.69317480245874,-0.836157927113732,0.859865338569616,1.35335751806993,-0.69082533778885,-1.21447553889985,3.00675841406104,0.272798768651524,2.05724156501275,-0.189373484402087,0.946680674343939,"Moderada Afectación"
1.59590983122618,-1.32364753104518,0.0476347213203037,0.484057301278166,1.55470106367793,0.13047047864437,0.675146279407692,-2.47801329593132,-0.430068168691597,-1.21615640911733,1.08600595360205,0.440216595404371,-0.313340278054966,1.23129776941406,-0.157959753865808,"Moderada Afectación"
-5.09146676254637,1.89150544943893,-0.20865885435425,0.634254356422887,0.570497248703451,0.79794340189059,-0.775220522123163,0.709224098411916,-0.257317137611336,0.135683996569,-0.497999476631498,-1.08288643654064,0.933015188181734,-0.371904241109646,-0.243103592185194,"Baja Afectación"
-4.60227513057945,0.433205375254036,-0.863754212973266,-3.09866659108643,-1.42957249818763,-1.27817002957327,0.489587494689674,-0.683081492695193,0.135003724759444,-0.343471506358629,-0.490712152585904,-0.694737679221636,-0.62202707402728,-0.74436910307412,-0.650417539269747,"Baja Afectación"
2.36965174863943,-1.27010259117895,0.264404746505294,1.90832391491383,-0.285676327531126,-1.2359568105569,0.304586038923038,-1.02362647231221,-0.902621845297723,-1.34001224788491,0.444659496448222,1.31430097658831,-1.48004297036372,-0.324619848900379,-0.374985981148096,"Moderada Afectación"
-1.84012305595391,-0.115051225384959,0.561074243987214,0.532822548687543,1.37698497887909,0.442484386863501,1.42489057807695,0.120161372622099,-0.304746204218656,0.397622481912303,0.125689539660946,1.86849014682789,-0.268358255841081,0.768516667546655,-1.68245265864962,"Baja Afectación"
-3.11763306596061,0.565266000033799,1.47435771066647,-0.0114146529313503,2.00824449214423,0.0470201468010347,-0.745698048197557,0.0971397810316656,1.58922598286759,-2.25708841993362,0.358305315682187,-0.25236316808739,-1.44177532665496,0.142064934359003,0.500469396071801,"Baja Afectación"
-2.3898456918457,4.39561210162514,1.27228310015305,0.807901036168684,0.399288334060174,0.378252268924913,1.41882789494537,-2.10212632415375,-2.66820408674274,-1.22356066848009,-0.0227015715487166,-0.0594490598235601,0.204963498566727,1.76613053266243,0.41442546333407,"Baja Afectación"
4.54422127220559,1.16057232547376,2.94608801110047,0.462613950748116,-1.6469168232814,0.897952832152542,-0.706658411814074,-0.459604114732815,-0.721852690168512,0.156290827228074,0.007970455905254,-1.18158179309886,-1.37678897381328,1.7193374160411,2.07309939617563,"Moderada Afectación"
1.39141681675543,1.01932794630061,-2.11886100537122,0.912903025463148,-0.56582811567944,0.264620146348177,0.336403270786143,-1.54805412025082,0.00622122726115926,2.35494643932472,1.67042551639967,1.24471046332149,-0.20694224541277,-0.937121562431201,3.0468556701356,"Moderada Afectación"
-1.87802165120512,-0.393459018328025,0.953344388159012,0.741145557170869,0.705728924243398,-1.2942560382536,0.0254287504341236,-0.0885258391678516,-1.50686726931184,1.94392309697961,0.125581093586205,1.16767302593111,0.701579789856704,-2.63111995494637,2.27939330862017,"Baja Afectación"
-2.65206669981545,-0.0488596220702784,0.408084708154435,0.4054765945105,1.23906748230907,-0.288282365182964,-0.0508749295255785,0.107958233322378,-0.155962147244411,-1.39894798475327,-0.307851030611072,-1.3232944776446,-0.418218413555184,-0.517721442492851,0.296031305575492,"Baja Afectación"
0.202203207207247,-2.62287805150841,-0.588659927510483,1.61528629820339,-1.51623926911676,2.23743266988853,0.575733505132385,-0.280760302812164,0.45240392346911,-0.590197558560247,-1.05895523957135,-1.32237842142154,-0.517038519395669,-1.47046100591092,-1.3538238165309,"Moderada Afectación"
8.65023731552372,3.48745172110693,4.12927278543062,1.74546714155895,-3.08740103955112,1.9094780357892,1.13114970246304,-0.338931073824932,-0.290814322232179,-0.809485945283019,0.128637916475916,0.113516222946215,-0.599384679371678,-0.458541367345741,-1.13959939277837,"Alta Afectación"
0.754054442707278,0.903959849742293,0.414124622372337,0.303852955829074,1.41692381341716,-0.260524072043793,1.43159275894031,-0.261966118707717,-0.153876389493785,-1.66122167362288,2.16301413337581,-1.63844828394372,0.104024715790555,0.829970703023656,1.6160893848879,"Moderada Afectación"
4.93375947093934,-1.5149846976831,0.125492592490737,0.575937608198462,1.57854044018278,-2.21290423260349,-1.03498797370361,-1.64635919202071,0.577450274315697,1.54513321540013,-1.15899165551811,-1.11609586823392,-0.340228325519235,0.644103594999636,-0.896686009232628,"Moderada Afectación"
-2.3867284396502,-0.687411958211414,-0.735459174823165,-2.65570870956623,-0.402988415954516,1.55778457515303,-0.446982185668253,0.243862571103162,-1.36193656001136,0.387217975051593,-0.6476809488296,0.524519028571624,0.9379314735221,0.709050744226166,-1.21314889125023,"Baja Afectación"
-0.0519556065356964,-1.84078132172249,-1.05527047265898,1.1750392581128,-0.460574875483208,-0.278596347834996,-1.94029246167553,1.14427786294832,0.675254119805538,-1.17082023958115,2.15480213205059,0.904612847848262,-0.0303411502680655,-0.26640545920898,0.629735826178138,"Moderada Afectación"
-2.68919225604826,-1.88001164495895,0.223237981441548,0.673414179245594,-0.0118367450590874,-0.251795903740837,-0.874291078642295,-0.284751065489429,0.714646209974946,0.321534675748593,0.108005241686156,-0.954685116602118,-0.553229550779301,0.241847404485541,-0.458933780418629,"Baja Afectación"
-1.71216050805817,-3.37751767001764,0.512346692557204,0.534523879304412,-0.270695113735369,0.192351874307913,-1.8879729624238,-0.649986316857233,0.48820797856391,-1.54346108164901,0.395952581213235,-1.5159232199737,-1.13928016850639,0.696670388978221,0.441815140696656,"Moderada Afectación"
-3.19913305243948,-1.74600255103325,0.891432360132133,0.528120260707171,-0.460475546437063,0.0638074814594994,0.773304578939168,-1.47067120159413,-0.739435147039717,1.02133507403722,1.18444782562703,-0.431269880422715,0.973204575827318,0.674484214761148,-0.857493640484892,"Baja Afectación"
3.86323540798526,-1.78461168249756,-0.577753857559717,-0.296890706907233,-0.182275516692635,1.33646091992664,-0.220356471714528,1.58229979486409,0.201703842604636,-1.3636520420648,1.57432352798662,0.647285809146744,-0.691211155107003,-0.367319019383723,0.448615554173205,"Moderada Afectación"
-4.27021237237445,1.18595261326493,0.126091548915254,-0.0780171142288878,2.08810626778239,0.690063674372013,-1.89926263596158,0.302130874917364,-0.00588847982228879,1.62786813424946,0.276955535447135,2.06602611217615,-0.956027650963503,-0.697302112176511,2.22153268343142,"Baja Afectación"
-1.91846283824451,-0.664937930042819,-0.544699673683333,0.570559397156274,0.789525246557239,-0.404884306658765,0.0588802470183246,1.43929143707048,0.84352206228923,-0.196411512442987,1.10395257721241,0.321346242253631,1.00775755665933,-0.729949813107771,-0.0503550353702354,"Baja Afectación"
2.01453634889559,-1.80346153717972,-1.52917706532299,-3.13700345747629,-2.10526085520525,-1.03624220016206,-0.478829490017209,-1.03875541276166,-0.114371066515186,0.136502793764398,-0.266345732670946,-1.16200322014009,-1.09894212716067,-0.910741852262812,-0.680888788045788,"Moderada Afectación"
-4.68465894533199,0.0511431818537783,0.408713915611756,1.03150370133284,0.601497235629607,0.391599173805057,-0.631403389049685,-1.46847425525824,1.16062661752375,-1.02846777696436,-0.129299018982848,-0.28399206790244,-0.661098229436498,-0.383564329200647,-1.19858297072923,"Baja Afectación"
0.843187871902726,-0.34856192768784,-1.72881880869156,0.165843279246978,-0.124210471724519,-0.340875162505061,-0.846516866172899,-0.383902996189997,0.43790288948133,0.842392561854438,0.681277981321776,0.578475971724791,-0.704510786226604,0.757750921374515,-0.367433397261844,"Moderada Afectación"
-0.805210927559002,0.424248597121139,4.24135980196391,0.125030592090042,-0.415752226342853,0.603108754041296,1.17251487291205,-0.432092116972864,0.589973365778185,0.142070254510737,-1.71525491018824,0.357353086793371,0.351354366708675,-0.904501917490361,-1.31230180991499,"Baja Afectación"
1.25652820361519,0.461869519252914,-0.528384605229645,0.326038646332856,1.33982349062203,1.13922496191535,-0.57687415207761,0.534124244423831,-0.537096307684022,0.45090636793324,0.81644737306904,0.468049507525968,1.82892945039362,-0.159291347308828,-1.30780892833644,"Moderada Afectación"
-2.4803495906602,-1.56626027217797,-0.0899540870075695,0.0169957178880826,0.318269788057112,1.12147594412879,0.288402633340238,-0.26821602206284,0.10497881911353,0.856161188072657,0.421006990190327,0.633380628475712,-0.255988588192319,2.16109129041038,0.467187381735805,"Baja Afectación"
1.82528728970223,0.332067814910472,-1.33646548036818,-1.59630417590737,0.738186759784938,-0.57541676585956,-0.950735341966087,0.830459081341746,-0.298159187107725,0.808783169568001,1.22943972253792,0.380838873781164,0.734194969058845,0.932269951394661,-0.154470909678765,"Moderada Afectación"
-2.8991753250304,-1.31235687562383,0.304849644018878,-0.507989155303033,1.34609718248544,2.31833273067381,1.16087185626749,-0.163466798414421,0.324228329345887,0.723456443619402,-0.594097094387991,-0.328718282577285,0.315610923352771,1.38458832168513,-0.265186143404069,"Baja Afectación"
1.99233893401585,-0.0150021331849322,-1.03293818717442,1.29766547235127,-0.0589010735451017,0.455945682098328,-0.97593530583135,-0.123847768213381,-0.671109137272797,0.0431317591676378,-0.558652980195179,-0.669272810350171,-0.490918000028782,0.992208534205586,-0.932397227991175,"Moderada Afectación"
-4.60157680944431,-0.719122810371375,1.18587444280257,0.752303192385158,0.146217234038462,-1.45353404237334,-0.472880994848324,-0.172601655211279,0.202994355317874,0.00644365488808671,-0.333533005261582,-1.15714759123695,-0.522497105743797,0.245494662889443,0.337025982297615,"Baja Afectación"
-2.94623019454813,-0.381044217255182,-1.00426121645318,-3.97025454134902,-1.120264351149,0.382725677340076,0.54745418592201,-0.845305798593869,-0.503228284734174,0.0893493810603567,-0.120622625221082,0.669631251354054,-0.92292330750907,1.02817672668118,-1.18174141895951,"Baja Afectación"
1.17873445315535,-2.20891992590178,-0.621729805409278,1.44664308233697,-0.989216192264289,0.0720857820690156,0.103190654315979,0.430092046269233,-0.275990945936375,-0.367912777918027,-1.58158683746689,-1.03174402735877,0.100602735686228,-1.24793161730291,-0.432309093269354,"Moderada Afectación"
-4.38782177556448,3.51134743537091,2.30839303336969,-0.389305572716353,-1.81481882417872,0.343728958873517,0.460866413392986,0.226494929770277,0.033944061058107,0.6173244311671,0.686526982998676,0.97045531799152,-1.75408594090904,0.0991325299959152,-0.574263910863357,"Baja Afectación"
-2.86455432599422,-0.627646368489578,-0.467695596727713,-0.617467527715526,0.282750614528938,-0.158634764742547,-0.792182758928357,1.20572475366004,0.886122519795333,0.698487203775543,0.433786181236648,0.232181216432665,0.484477457141643,-0.456027738592519,0.0326550886625152,"Baja Afectación"
-5.86687648895305,1.40310658835669,0.0788027915587059,0.234076233182284,0.287980334067132,0.270198875745627,0.455835463171175,-1.81902353538924,0.882605863624531,2.75419828031856,0.325488919693283,-1.07257342315327,-0.0730705856245623,-1.70223162020647,1.90370731829079,"Baja Afectación"
3.83950460242296,2.81277313243743,-1.4226800673022,-0.389224512499088,4.3809265791894,1.2952596568441,-2.67181432909235,-0.988992427186882,-0.505063380365243,1.6570110887914,0.831957015986462,0.0229396478689276,-0.398571661901135,-1.13195241498403,1.08821554893782,"Moderada Afectación"
-4.53084069292824,1.23467958598498,1.25180370718804,0.626442677983337,1.22607650681451,-1.18994177138393,0.805688626473822,-1.93661015424792,-0.865672548209507,-0.860361290367332,-0.183345565653117,0.338441631578963,0.314842475756954,-0.171931243414114,-0.509949038918922,"Baja Afectación"
-1.40348128184882,0.600880553210237,1.68787497886908,-0.483118158824319,1.09173097604702,2.48609354735258,-0.426843276847128,-2.38118647869491,-1.52318692924328,1.17122720625027,0.182017662767373,-0.489042805454553,-0.0173105676349098,-0.494152284512578,1.78518322464996,"Baja Afectación"
0.413589636603649,-2.65504131357593,0.00226588184822664,0.163877433452704,-0.822352180965768,-0.617151752122807,-1.20834955839191,0.41852188720945,-0.691667209596258,-0.957235002900485,0.707535655894111,0.409859165638194,0.254636267852588,-0.514685708505306,-0.403839124720395,"Moderada Afectación"
6.24492144585788,0.375437817357662,-0.0459563581296455,-0.285154279871061,4.31179284313179,-1.77983676170621,-0.357739517712463,1.23054555782172,-1.22158723483958,0.177342359910003,1.01699899796155,-1.17251606260225,0.606335993160488,-0.529931457186004,-1.51961790707376,"Moderada Afectación"
-2.98163395732692,-0.307584411486349,0.0353225360777147,0.342246228792926,-3.02471007117328,1.3616895226795,-1.15772461175115,0.100612441327615,0.0108318208613037,0.160115704249024,0.376241873421015,-0.738005665867136,-0.253031101342413,0.388589206168594,0.50984514030058,"Baja Afectación"
6.43475359352469,1.66673289236797,2.22562540333618,-1.23229892102254,-1.55505122170117,1.69706480573797,-2.8566368980874,0.298473560030866,-0.23294150643401,0.396596958361054,2.7463700997971,-1.95938753945575,0.61374522991468,0.455229851493108,0.451594788007968,"Moderada Afectación"
1.04993602877528,-3.20624342057186,-0.286078247210015,0.64800424806838,-0.157085717191305,0.0895358983173376,0.742382890389179,0.0713365985634559,-0.48672988374964,0.3868024980649,-0.223089116745746,0.328209628025651,-0.127468811770613,1.35080695183325,0.567902511357023,"Moderada Afectación"
0.985360977313724,-0.563039639631824,-1.80645235434781,-2.76674384298521,-2.00914493101486,-1.14295414077679,1.06521827980535,-0.11700186260266,-0.311678983836185,-0.00701834208896759,0.0370355125547172,0.981920702726458,-1.44390574945959,0.564914873730552,0.337762644773578,"Moderada Afectación"
-4.65100149098313,-0.217882651967834,0.598364547007005,1.02307493296208,0.302704300162967,-0.783992014126783,0.495049075564096,0.687726375592152,-0.033184163979513,0.98932554481642,-0.675111107240421,0.936953758148585,-0.399057063331133,0.306447836816726,-0.697798253257712,"Baja Afectación"
-5.72471376901284,3.91435823715918,1.90970364648737,0.625559855192505,-0.489067989367186,-1.66249578517648,0.490056327364115,-2.02979112226463,-1.05599655851809,-1.34676483247111,1.28705007852657,-0.854108702760063,0.528274437784266,-0.0766432102856474,0.509076582679382,"Baja Afectación"
2.19560902031682,0.256221944568211,-0.53225475097593,2.13167826289738,-0.595694284680074,-0.130008961016028,2.5313123104234,1.7956121588571,-0.610546028109664,0.00899883002198129,-2.5692769279323,-0.158933576077989,-1.01615989676507,-0.475968540316426,0.372671759725482,"Moderada Afectación"
-4.167884665659,0.546015753378237,0.600726431133484,-0.880833856480157,-0.803218104125014,0.925936973069044,-0.763291186145348,1.47327553202721,-1.14109530955101,0.323384656943146,0.717615520694432,1.2739339421353,0.838135565796492,0.950131327219167,0.599813829648885,"Baja Afectación"
-5.04797372248246,0.401956423671022,-1.19274125009274,-2.93835190769914,-2.31281579039776,-1.36850352734859,-0.38181463950425,0.756350503163018,0.566039597162482,1.1896414586567,-0.231338583880843,0.132285425422741,-0.297558376512853,-0.713395890759365,-0.0216596486387371,"Baja Afectación"
5.11875269017394,2.75689016680607,1.9259967184808,-3.24821671826406,-3.41519505706794,-0.134730395146261,0.5098289393728,-0.26604741920457,0.460867489675933,0.301045698471807,0.87044851418876,-0.990460635389961,-0.708074832851781,0.337838452620631,-0.111365714686636,"Moderada Afectación"
0.769088818097149,0.0542557067877861,-0.255339171506165,-0.331806300543373,1.16987700922989,-1.67641885526282,2.20042021507371,-0.289812313987297,-0.617093278254997,0.534990988850112,1.03250599244316,0.0578849391121843,0.903024071336376,0.468459106064275,0.309483552171735,"Moderada Afectación"
-2.1692419064404,1.31297509050718,0.268056538793506,0.638771907454958,2.22419188534266,-1.10729246810492,0.144943956069057,-3.13423782339223,-0.408524081222881,0.581060946022683,0.393254070253527,-1.64842106642794,1.13138178546439,0.0334113954393757,-1.73110047650328,"Baja Afectación"
0.191147826058415,-4.3644687254489,1.02823672674244,-0.799100824406642,0.0697167240541207,-2.02004210079043,0.696795156864899,-1.27504615252505,1.09459946775596,-0.197983013655531,0.278039795639137,0.349116158762697,-0.865483192572419,-1.02790432568584,-1.62712276568751,"Moderada Afectación"
-0.497654623692468,2.28501873650319,1.27252790431067,-1.36727148446986,-0.0157947251672581,-0.099377291293252,-2.61464091835531,1.69030815074043,-1.23246626731536,0.341187387312874,-0.813338794523361,0.893580293335957,-0.265096077923808,1.41585625101391,0.157952820576717,"Baja Afectación"
-0.812645410410138,0.0216835439171308,0.0841084870628206,0.972461807639201,0.320969936919649,0.602715007055936,0.739184796668629,1.54204192568887,-1.48830000241252,0.270406602420146,-1.75062373153155,-0.109149215278397,0.964646049001154,-1.44006333693823,-1.4029481294511,"Baja Afectación"
-0.116665178029721,-0.680938939996369,0.570281485701206,1.15392097560995,0.68599848551027,-2.29693834268354,1.12531157456471,-0.0173133504832541,0.179159335863011,0.965682090905226,0.670543551284858,-0.594599010588698,-0.603942791066526,1.08579271447559,0.209982388124761,"Moderada Afectación"
-3.12627845501791,2.29132474653868,-1.45587059502544,-1.61502160438976,0.108746900426448,-0.697281382906032,2.58648640223136,0.53282434659937,0.556594752524961,0.508609004840389,0.365441425392212,0.156628325486198,0.830404761389775,-0.446559587920483,0.444911710541378,"Baja Afectación"
3.68945013870101,0.565732657506092,-0.935497179244869,0.433696031028386,-0.0364807951831576,1.37072395932845,1.42905866637137,1.22933008292366,-0.420311402685351,-0.10265867215189,-0.340878961815208,0.660059907578064,0.182893451793433,-1.94893614736908,-1.8666833762636,"Moderada Afectación"
3.10822865467114,0.103793411489509,2.05491009986979,-3.61021331444618,-3.72708786489261,1.25218339798003,0.524754056950649,1.11629859087693,2.39517843675893,-0.505174822042602,0.602879506044658,2.40252154659821,-2.82166860206279,0.00774671261932969,-0.72151769605256,"Moderada Afectación"
-0.383616558346718,-2.79787722643346,0.342229709684869,-0.938278346879531,-1.59445803898685,-0.591385812155366,-0.600047453540816,-2.19011794615172,-0.397261810150581,-0.630588130356876,-0.431178031081066,0.901400519704482,-0.583270502791886,0.426645715416744,0.00919163228524995,"Moderada Afectación"
-0.981328344725891,-2.97099242455368,0.326643464305526,-1.00995803557419,-0.755438661972905,1.11947974675197,0.581082111742757,0.285441524148136,-1.10914791446389,0.592152831828996,0.0960761115599559,0.267184919569173,2.39985350639729,-0.177604008666956,0.00658546894835373,"Moderada Afectación"
-4.60864604510761,0.119071622568816,0.609656365450864,-1.26816169767448,-0.125946411578691,2.81607178629527,-2.18735752883324,0.986372776529112,0.645901935646681,-1.46097999199789,0.298996653765453,-0.670751460081212,-0.400203725222744,-0.437388101841417,-0.944670595092397,"Baja Afectación"
-0.38458522484728,-1.40338108706309,-0.62947652995923,-0.163507000194393,1.19331824639069,2.45812167441844,2.22269253009325,-0.629227432723158,-0.308593228019926,1.03465463497203,-0.142695052352412,-0.802030234274909,1.48618374289534,1.79147381692421,-0.197428099131706,"Moderada Afectación"
-1.174026968123,1.34526622019656,-1.38227537506006,1.6896301809331,-1.92255199583517,-0.642869435806266,0.112794618117609,0.494239143672274,-0.422120014251796,-0.00358196636249206,-0.22208136235287,1.09635561323034,-0.819427487449417,-1.1142908374589,-1.13320284936655,"Baja Afectación"
-3.31595505352381,0.566321669887962,-1.19206938135775,-3.44949994495284,-3.34082279276638,1.94071419811209,-0.542466833807281,-0.342479397093882,-0.722804805184862,-0.411225661742456,2.04238479168045,1.04071260831916,0.224361519570233,0.205939371233979,-0.346445707944832,"Baja Afectación"
2.71430323810265,0.928536719650675,-1.87065565235591,0.215063605936902,0.721810893871227,-0.379177461069482,0.808360197492564,0.819085974762628,-0.830498788924276,0.341965963377181,-0.157468559251375,-0.64189673790013,0.276762819348427,0.618424389822429,0.230840568762168,"Moderada Afectación"
-3.80355532589719,-1.31014476586326,1.00615071443838,-0.0376350154781274,0.62393447008636,-0.402024437351974,-0.920052292387748,0.264527661559949,-0.387961148567414,0.545925897050545,0.653471921959865,-0.149726299860748,0.862392621858649,0.686016483041533,-0.0115718583179891,"Baja Afectación"
-3.15348403747343,-0.144157710902756,0.693839596736246,-1.04255249624599,0.156988509068678,0.719136020293976,-1.61450152515957,-1.58390175093162,0.720981374665083,-2.30696578433566,-2.26722261837579,1.46670251418603,3.13282678112738,0.872714537033397,-0.205397854952689,"Baja Afectación"
6.00411026471069,0.960540624923213,-1.4789935422675,-0.281965790214031,-1.22695847176266,-2.09339344732981,0.230281903700303,-1.02359793666228,1.19323775966491,-1.1545227203847,-2.222884971152,2.34178534346715,0.488559181082708,1.094846984721,0.201615449386789,"Moderada Afectación"
3.99708563563311,2.50006577805592,-2.43720203672591,1.19204744679946,0.0603482972535839,1.83743023776291,-0.663396750543687,-1.20519314618493,-1.30906853402034,-0.251614781678266,1.39743485791949,-1.95008248110872,1.13624060823459,0.46027372684154,-0.209667413060167,"Moderada Afectación"
5.02800992280993,3.67135657070976,-2.4855434682233,-1.28277910107493,-2.67239004028071,-1.08821315351962,1.88103698878659,0.332568771087424,-2.55990959301119,0.245800898210924,-0.930710145190029,-0.271335287970927,-0.0815195198251037,-2.24040374536674,-1.28089624554615,"Moderada Afectación"
0.680479139124098,0.632040411519077,-1.28567109033764,0.835289745370699,1.34728060150754,1.02533921525961,0.135881613883839,-0.367809830167779,0.223786990707182,-0.0518903887447221,0.926834072176828,0.986488368983963,-0.0287932978322214,0.550353899605063,-1.25368183590924,"Moderada Afectación"
-1.93574858848458,-0.951364290220214,1.16684274225678,-1.96438545434997,1.25469579984177,1.05980174096586,-0.803701278633802,0.483754649742281,-0.396394096758551,1.47677916617312,1.40553757125347,1.54924350327191,0.209251806993144,-0.498336053432728,3.1643210643963,"Baja Afectación"
-1.87309974763565,-1.98387145585166,0.462422157749311,-1.53582965861908,1.07873155919221,0.173528743534038,-0.417220362667278,1.3384747938359,-1.12867257716064,0.136295935351411,-0.509861669847986,0.988764562494092,0.759805925155439,0.566083289916255,-0.244035275769493,"Baja Afectación"
-5.16854871016056,1.37786464578978,-0.66290913685674,1.56663525959323,-1.32817761133288,0.468505407701357,-1.26022523312913,0.842453925124874,0.176738363034167,0.782748294332583,-0.181907754330955,-0.0981543704553977,0.787451355137497,-0.641693034814172,-0.334196600757058,"Baja Afectación"
3.29555770066127,1.58283660705776,0.191037635372465,0.450779482212618,-0.316683189653634,2.03104934635014,-0.112695661725683,-0.969408479009372,1.292960115092,2.56877169790407,-0.496701562535766,0.880866586477763,-2.14823577688197,-2.09373440067871,1.88960509537471,"Moderada Afectación"
5.06072135270742,-1.94845907767747,0.120801113437871,0.385988807892069,-0.100661676715995,-1.31171864481777,-1.51636381403791,-0.562146002556955,1.35927650013118,0.613789729920974,-2.39436474657597,-0.686928906301079,2.43686654728154,2.06615725831304,0.69827241734053,"Moderada Afectación"
8.97688272467971,3.92573413217491,1.80138288090266,-4.35334371390306,-0.474753286220676,-0.133176515655285,0.153693534166394,-1.08111103148604,1.09912662174069,1.37158845313445,2.28088280434772,-1.81254727643734,-1.27650219506684,0.470209842536612,-0.844056508336751,"Alta Afectación"
-2.37844265114788,-0.75358104063498,0.561350837182392,-0.223003857164812,1.4551110097027,-0.276816978482644,0.0291506998169617,0.678233295661532,2.62376923324488,0.0906011478568832,-1.00306965346687,1.38406098328092,3.37752401090673,1.50830190844922,0.347915399206589,"Baja Afectación"
3.47780399255601,3.76292440047179,-1.471519642172,2.73544472663584,-0.945783322837059,1.02886291735034,-2.24510551599878,-2.52912721794427,-2.24491444075638,1.97401582867286,0.0972773720056296,3.56912133484594,-2.08524046409993,-1.55462682037176,-0.32648842201067,"Moderada Afectación"
-0.0217603807496348,-0.919752060764558,-0.49001903596876,0.787822345139963,-0.0494093102067985,0.635692804990766,1.2211627123629,1.07764705038769,-0.305103020339437,0.408237661465799,-0.253004272797831,1.40191201946181,-0.0292845007735751,1.2334456838114,0.242774887189911,"Moderada Afectación"
-2.18724338685802,-1.52285118332461,0.0973306424348218,0.276224149354263,1.70462522589379,1.25503409877973,-0.150669409473164,-0.137847350567107,1.87093598087756,-1.63782389564575,0.460547336911693,-1.30867224115081,-1.10146575092245,-0.676561149981284,-1.2826047965891,"Baja Afectación"
-3.3819963303502,-1.16206440175465,-0.0350877620723346,0.398040162230344,-1.19535736009024,-0.79923544519303,0.103469081641274,0.0237704316713203,0.451746263695948,1.36058718625218,0.139128161814562,-0.39660607757631,0.1832410233717,0.527235904399836,-0.360905584329098,"Baja Afectación"
-0.378017390134949,0.356179234098281,-0.0763104168564872,-0.611602345073933,0.141004663194893,-0.253027377324701,-1.84817576265468,0.0817190539110068,-1.16435187553265,0.479167505421179,-1.30915041100503,1.16312706903369,1.07524080785401,0.278025145021762,-0.46566744364339,"Moderada Afectación"
-1.65109948041972,0.583208340568911,-1.64615759926478,0.527105222763166,-2.65196802667523,1.49391753837136,-0.375397418945761,0.087900186359884,0.469511516403646,1.76530367593293,0.421009505499586,0.850099610093818,0.168082364859382,0.48688559638225,0.339751375609726,"Baja Afectación"
-1.52419139453903,0.354049593197567,0.151497073188794,-2.10163677656428,-0.380302614916201,-0.38703595173506,0.558580631988606,-0.871678454991754,-1.43165350847367,1.33262414107713,-0.476741964356312,0.158292322079097,-0.0448977566208143,1.41078610166167,-1.23969527296567,"Baja Afectación"
2.82924544238105,-0.989858266862585,-0.069170434306954,0.456730919715789,-0.285464407881291,-0.4070109395003,2.05613989818126,0.605150620353702,-1.1498156656416,0.100871039581533,-0.872358694383331,-0.527730696623552,0.112576972609724,-1.04699245345323,0.364164144697416,"Moderada Afectación"
4.29804778566705,-1.6446621905114,-1.5422820416373,0.032267061402469,-1.56695372785259,-0.174475246982315,0.973900771752139,0.456436013888648,0.757284131213561,0.526781067544333,0.342518637301942,1.62392888760293,-1.84103004008767,0.340870447667496,-0.282146762729677,"Moderada Afectación"
9.07778536532098,1.97759517053526,-0.366099776329114,-0.476143240361326,1.31388222226215,-1.00712991673462,-0.161757890506549,0.474285968953739,0.451701519400043,1.64972726989185,-1.83620425314352,-0.977685897292125,0.131900934789132,0.979695121170293,-0.791233437422842,"Alta Afectación"
-3.92885859692725,2.31566978962895,-1.81204711639696,-3.13607069064654,-1.22612143512611,-0.491212166294939,-0.634403356063738,0.0237464994593766,-0.457677486440672,-1.72411799524437,-0.0488176205224493,-0.799608784998194,-0.241318070443162,-1.31169173766225,0.32726575604821,"Baja Afectación"
2.94193563227429,-0.62419205340177,-1.01368752935408,1.01614092812305,0.491089430461929,2.08943086248314,-1.10687440819897,-0.931741687412956,-0.344182296484612,-0.0380176813239691,0.0179122235810163,1.78696528195278,-0.66719224649903,0.636074255974184,-1.55605653869503,"Moderada Afectación"
7.96085610560313,0.414883754785648,-2.13532956888814,-1.83753121648081,-0.626604237092809,-1.60696008398886,-1.7209774358824,-1.49932956691051,1.7356909713299,-1.06578146459498,-1.65154732996694,0.853352970137597,2.99428782039907,0.0295182615556287,1.24112393505429,"Alta Afectación"
-7.56614243807496,4.18690771404474,0.290203973700105,1.00725259005204,-0.773880309143349,-1.88268931687722,-0.768457880556519,-1.65638851486714,-0.819492759356776,-0.033589462973427,-0.0415390057999851,1.2468017768825,-0.335992731741229,0.0826051124892638,-1.05172048197618,"Baja Afectación"
5.47737764805076,2.44610512143979,-1.46903150108145,-0.53700754494663,3.13457542972055,-1.56295245451859,-1.00664951745983,-0.782968260515583,-1.38958329905414,0.527073563873197,1.58739021457427,-0.979013287592419,0.552471898447204,0.611516810084193,-0.0817674863078024,"Moderada Afectación"
-3.47581693649048,1.3305207364479,0.75554732096405,1.39450618941222,-0.238512516829035,-0.705911616231487,0.213684037959052,-2.24755445671644,-1.44012842073153,-0.519325908531549,0.124616356948269,0.840044724671527,0.505342083727541,0.347455327326858,-0.671665602480909,"Baja Afectación"
2.58573356789914,-2.97500745936891,0.265557175545053,-0.00974606265592276,1.34660910581786,-0.47957891020537,-0.204730058982411,1.15808139496479,-1.5623812371558,0.427978436475493,-0.632534319713733,0.319499765528434,0.191266515683826,0.968401481733411,0.0451753783394646,"Moderada Afectación"
6.34713494027538,-1.06966098209103,-0.751025738031839,1.83816261817313,0.167620593961261,-0.685234629111758,0.867209393771266,-1.4803082329461,2.13433802393513,-2.56796074129751,-1.58949917145555,1.4148059837843,0.799531117407322,-0.347809155906648,0.915682973714393,"Alta Afectación"
-0.643439106440441,-0.125635402427135,-0.530055893842199,-0.226087653700194,0.553488380072431,0.1355141845389,-0.314906300562813,-1.98598796079954,0.681146624634494,-0.341549375221436,2.18054841728714,-0.472394862783062,-0.896448322817496,1.30133824630667,-0.58498338115056,"Moderada Afectación"
-3.043935915313,-1.08756297809483,0.0216983457394373,-2.01373262155784,0.189217045762853,-1.10233203206948,0.840433324608092,0.315276419006821,0.107752467076988,-0.413542758668032,-0.704902153815977,-0.541701141729866,-1.0343451175529,0.0741816394984921,-0.236966493408476,"Baja Afectación"
0.356462838829149,-0.57141979541516,0.0482031143465895,0.84120869002245,-0.150159870211821,-1.59510398295626,0.095806343833218,-0.0491535636781831,-0.624486713222976,-1.24372031719038,-1.76982554642417,0.422677830354771,-1.44223745893081,-0.720001898600203,0.158853709532526,"Moderada Afectación"
6.55299401108573,1.91412497422581,1.21796086709022,0.208543134742124,2.41697956697493,-0.64523842590186,0.538715115542094,0.568339332775572,4.72991048869089,-0.0779775088033669,-2.0232042765668,1.65114422971259,1.46151811189495,0.903688893459637,-1.78509215300689,"Moderada Afectación"
-4.83314034910202,1.77283196410553,-0.0369686259158237,1.27134648508029,0.424269998373032,0.507879794133878,0.539536085912045,-0.976246876080714,0.432863752107529,-0.170110681886938,-1.18117068062317,0.431810555718355,0.103753108098538,0.0805372214213787,-0.914607401221925,"Baja Afectación"
0.925690232998687,0.211242451751736,-1.0747192495245,1.23852889947125,-0.853041820152001,2.46987570150564,-0.152489616196922,0.188186242672881,-1.06231019129171,-0.592720389581886,-2.8392375398253,-1.39748294745239,-0.953102347513951,0.392379677842452,0.537252054822729,"Moderada Afectación"
7.73800133149052,-0.413408981591874,-1.24864897540304,-1.15808225854795,-0.85632190643936,-1.90061799704333,-1.19648646032105,-0.193984473471908,2.26474760571063,-0.876453536818445,0.145200750293336,0.336701135412105,2.93123057620816,-0.93486342701908,-0.412084782863055,"Alta Afectación"
-3.7869303346209,-1.55801989309477,-0.534235055143581,0.850893405678803,-2.24332445610722,-0.168375902178918,-0.078939930728465,0.358888020487067,1.2122072823385,1.4022080649122,-0.682888287457354,-0.73543038405028,-0.372314727682896,-0.0469469048812329,0.130346942548406,"Baja Afectación"
-2.44675727302572,1.3522547471478,-0.45218853627851,0.122763843203455,0.800482234994825,0.335251936836671,1.34821512462118,0.340753778352971,0.0537405520475466,-0.0368907877564716,-0.494832658500046,-1.12743164163226,0.54948492441217,-0.644741213626703,-0.670682315491535,"Baja Afectación"
4.04953887230039,1.44039490945447,-2.66503067582359,-4.1196598353221,-0.670534353459551,-0.0693892196377204,-2.88522848384407,-0.2819329858244,-0.483095106221966,0.673848240241565,-0.745119961001642,-2.3416634587778,0.69227936245541,0.987169456491699,0.314599051150721,"Moderada Afectación"
2.56373981617735,-1.27000367279425,-0.619113288457272,0.336008252667051,1.22060412949924,0.296951280609578,-1.0868028048968,1.45991618656937,-0.206754738226328,1.0577151546962,0.519705109219792,0.217879747762121,0.17961817157442,0.153703248619933,-1.2542448757,"Moderada Afectación"
8.68391719817722,1.62470955304153,3.93002767077892,-0.196531685808947,-2.71918441665077,1.14556563196562,0.0483179666530609,2.37644823565091,0.274001374809111,0.432379253051018,-1.05134159921869,0.447993334135684,-2.24846188969665,0.519888250210108,-0.0490093810731562,"Alta Afectación"
-2.02753751407765,-2.95631029370256,0.844803346727253,0.0194016698701929,1.22847932874572,0.992141787644853,0.931994767100428,0.240400786109019,0.377002303927761,0.418052129990944,-0.465634394463736,-0.180624481307413,0.347043175193488,-0.815018708854663,-2.04836898321075,"Baja Afectación"
4.25730396847107,1.65781840691835,1.97555819312274,0.644285208411392,-2.2216262909797,2.83513874752278,-0.397453588152723,1.59705880562668,-0.469249055555452,-0.512559729412167,1.73461242032819,-1.08042469674782,-0.536130170238029,1.01634542127839,1.4201762987,"Moderada Afectación"
-6.14417772246791,2.04922329400088,-0.0551561667652552,1.04392361202137,0.939078455111901,-0.558602098995592,-0.566905643129667,0.264745583349166,0.829586719122759,0.0490231548076148,0.0364805807985394,-0.438687098039912,-0.495496225827124,0.269700488241384,-1.06861134124698,"Baja Afectación"
-7.33910741750288,3.61086215769011,-0.418227360456871,0.830888793987414,-0.0909845598883394,-2.01237554985328,-0.251190747201779,0.140340200538001,0.573214570525037,0.264958037207749,0.228207015737443,-0.755568713939,-0.655656834694014,0.769493923598015,0.857052178236455,"Baja Afectación"
0.429359558080901,-0.696376225840766,-0.317568083932804,-1.28190016842202,-0.682616562864959,-1.05281529248074,-0.682984651097666,-2.84862612370531,-0.787523549373819,1.3696499793249,1.49458552878022,3.21739888594145,-0.896378834657895,-1.61911148846672,1.55937146276567,"Moderada Afectación"
4.92557264299118,-0.565757533052433,-1.26406153714718,-1.06301906062518,0.660910180618289,-0.797710879935277,2.13641704010213,1.14598112156068,0.0469144604405151,-1.15678349319911,-1.27786279467258,0.249201076119343,-1.86761342489923,-1.87230660660225,-1.02932161020368,"Moderada Afectación"
2.09827382394196,5.58313353326292,-3.05852566436406,0.235164636254508,-2.34094928446354,-0.805416657652743,-0.605880903336663,1.44710145810847,-0.524435687841899,0.103068448849498,-1.38038566803155,-0.154449528216004,-1.11824436216538,0.376252586726228,0.399701884432421,"Moderada Afectación"
0.150100807380934,-4.12854210407723,-0.119235000332838,-0.544341997182362,-0.938953305747369,0.335542271848673,-0.251390244721916,1.59331705308744,-0.353783878873728,0.881076592552372,-0.0807886898784985,1.97409221040134,0.497115998351729,-0.284705306359981,-0.940442417755117,"Moderada Afectación"
-3.75658762918388,-0.558485403300548,0.62446243371463,0.368944431712872,0.659255613375323,-0.612236934558258,1.00791486211949,0.772533177346628,-0.247494224085117,1.30966471124214,-0.188997155416217,0.793420445877946,0.735471297780727,1.13127340841653,0.216347648462865,"Baja Afectación"
1.74615277866054,-2.68437936176871,-1.25731008434575,0.954023364604736,-0.553611871145167,0.924013224347903,1.31840304721327,0.0646120834162428,0.532531645940649,0.128219223945161,-0.114809772978531,-0.996965644990139,0.283888266967755,0.919859279548021,1.20485676988589,"Moderada Afectación"
4.1615661271147,0.762204054283143,-2.82948963457335,-2.62014656133772,-1.4726379972107,-1.61319797732728,-0.790120624776681,-0.215269504196564,1.39369824868454,0.694289656379239,0.839863162659188,-0.211999971594722,-1.19797730237168,-0.331988760280609,-0.817120931153244,"Moderada Afectación"
5.30768174224119,-0.885320593349667,-0.523225419466539,1.67547034093599,-0.364875188066366,0.481447646682052,0.63334594648623,1.37570741569289,0.585640366804733,-1.59901729706292,0.992644278257995,0.147239838084386,-1.61118099145496,-0.459842245918691,1.1792450164291,"Moderada Afectación"
0.402507188431959,-0.977958846644101,-0.115789596944445,1.49322149308707,0.403112212014456,-0.537188981131134,1.05236416944932,0.240745005836655,0.648456526587238,-1.84037836546223,-0.936521564919907,0.863992805842484,-0.163297183525923,-1.02025568170137,0.180735515328754,"Moderada Afectación"
-1.57939952167499,-1.20149425447596,0.592194379590256,-0.0165321582199037,0.744785018705146,-0.0871466418624232,1.84827055347087,-0.976413682048032,0.379651807977131,-0.454075133637932,0.401902808067368,-1.03439767089354,0.399170676177521,-1.09824948624152,-1.45390808880115,"Baja Afectación"
-5.37054447971472,3.08959006050122,-0.740897980191506,1.14633599226283,0.285954100757135,0.596623466027193,-1.33948391578154,1.18809212981317,-0.180588031928163,-0.49260189488695,-0.392634632109874,0.0705749011528442,0.216074220114832,-0.344884524416064,-0.560829513151581,"Baja Afectación"
-1.37693916569844,1.28510812034264,2.06744700047238,-0.674002037908563,0.265434957288922,0.510356732963497,0.373770482469895,0.97228362590075,0.846996071590942,-1.09980829367503,2.09444939373735,1.20530895318415,-1.9717603405391,0.537367544317425,0.411214320247019,"Baja Afectación"
-1.69527085439198,-0.741540204124303,2.87084140483519,-2.51282645697285,-1.6907046347169,-1.65873768180796,0.252169833975257,-0.175189744631081,-0.366345678916308,-0.1913545237231,1.83876787792779,-1.04986767412539,-1.15867431421015,2.06175034777994,2.0298032428944,"Baja Afectación"
-5.53072136267042,2.26711819619559,-0.56510609515442,0.991553484143678,1.220989970022,0.577709133561185,-0.167174493655542,0.149829981128113,1.72249596804821,-0.396531002201216,0.977327323277041,-0.019641222543282,-0.517214760136015,-0.0382509326391175,-1.28576780269792,"Baja Afectación"
-2.32077161433672,-0.012486319522259,-0.776326491667642,1.35612714916695,-2.18622297589887,0.88300125531585,1.03907490507583,0.110865615900244,-0.001100858121312,0.274211933385941,-0.612581570344071,0.303707205724446,-0.0965410779510214,-1.48635955378185,-1.39306061442629,"Baja Afectación"
-5.44722865553934,0.386249419308798,-0.119497945915142,0.976597706555101,-0.451366646724145,0.568083769876317,-1.28458265458863,0.310894165426676,0.24140678571541,0.493499834994361,0.140441265395925,-1.07518772252213,0.754028247419904,-0.460755675394308,-0.502111352235413,"Baja Afectación"
0.793712838329947,-1.52918974313422,-0.524875422385386,-2.03276925270045,-0.677280164528577,-1.69391158283622,1.02544572034987,-1.66087293239279,-0.900853631732384,1.73426892256433,0.708748868921188,-1.00222257902278,0.2391527101699,1.72698509770207,0.684363488449177,"Moderada Afectación"
-0.276052088892571,-0.771666508994292,0.307860419690966,-0.137052592987353,2.04101947099199,1.39700474751912,-1.65586227290564,-0.269556176158883,0.900357372694966,0.147807007106031,2.61166869332901,-0.0831471368429071,-1.09074374413516,-2.45114435721678,2.22459331507729,"Moderada Afectación"
3.72759547466479,-0.958328151712704,4.48177216167732,-1.43443822432899,-2.46454038179871,2.07228360584129,-2.43812081613301,1.87263506172022,1.69075374790327,0.0894567824912938,2.2009202632493,1.5740824531473,-1.50797344407104,0.454813771129433,-0.89737209833835,"Moderada Afectación"
1.164077071579,-0.427982214728301,-1.19774788882847,0.0165602097171591,-1.04364580147526,0.665989386622302,-0.429049139540716,-0.303772118086068,-0.0917999648388246,1.56717178702495,-0.313801119103317,0.441738253349984,-0.211019323207432,1.20382349877671,-0.113341409531699,"Moderada Afectación"
-1.52533966701745,-2.99536472799369,-0.910778315991008,-3.17281100560929,-2.99863461829414,-0.00837630155933505,-0.291897345810083,-1.75873978573427,4.20682533089687,-1.37457251522846,-0.819519276708413,0.39312445183831,1.12788751204947,-0.0723699685979393,-0.240510199787758,"Moderada Afectación"
-5.68620483977689,1.30474687490022,0.615659193651307,1.02235645681693,0.358687413833067,-0.0976542277377904,0.467303243994008,-1.28889060838525,-0.678975008253654,-0.107298981526624,0.607374368334456,-0.937902629774151,0.348244345597034,0.123901059873372,-0.821343941711541,"Baja Afectación"
11.3252779339752,1.5928216582669,-2.28744846283184,-0.819820902854556,-0.086417295920248,-2.38590391865568,-1.92409057334216,-1.6355592208972,-0.471709874230684,0.699632611983153,0.151153324318025,-0.139364350228142,0.216748977663625,-0.864390436908689,-1.16716454360078,"Alta Afectación"
-3.7528510991376,0.924348516815641,-0.29586723418852,-0.36281162211519,0.638828401984757,-0.189363482133489,-0.207525094773144,0.678440110969721,-0.82867587356444,0.0536922090742109,0.11333378906003,0.101918455850053,0.783821210362573,0.867338946619207,0.779324045058304,"Baja Afectación"
0.401905528834024,-3.20561669488087,-0.170603915886293,1.21381170558797,-1.3300327268937,-0.392130107444461,-0.148195197730141,0.191169690405989,-0.00799705981739351,0.310527931803413,0.341654502483774,1.00316822659541,-0.844072629605502,0.883451872172834,0.693724389909093,"Moderada Afectación"
-1.40175510891956,-1.8820227703154,0.954064176448389,-0.973998231306152,-0.956498753457535,0.814577106691661,-2.39496216869493,0.0206731837186458,-1.35035012230553,-2.06675825699658,-0.261807450260997,0.123043359672713,-0.416200579263351,0.988303070168993,1.08372307062722,"Baja Afectación"
0.411122982723939,0.380725885468326,-0.341375809773832,0.633655031075777,1.87536226902683,0.422954073722776,0.796734053164148,-0.61085206560929,0.112962897404582,-2.04414008551983,0.916292104367831,0.0170847057156252,-0.776359944411747,0.706483584665819,0.319861634765859,"Moderada Afectación"
-5.15364005286882,0.336389805903415,-0.304555646809856,-0.573357948469294,-0.0392431404194236,2.47437162335968,-1.3773867411983,0.415583994176801,-0.897569845920415,-0.0166644770322079,-0.739148820231219,1.01462552927309,0.22965754304562,-0.402637163688427,-2.11655243528637,"Baja Afectación"
-0.311977109279285,-0.748401162561381,-1.00436931774764,-2.35707146537715,1.11044171006604,-1.59682336194211,1.39977014609709,0.948429763871133,1.38705947904815,-0.0649335860601073,1.43362038086112,0.704962971192423,-0.0245159985075397,1.0018578013994,0.710062978477531,"Moderada Afectación"
-0.444254908771364,-0.151112485980393,-0.816889691017543,-0.2629185972296,-0.0944496915669415,-0.104927222763794,-0.740418662058434,1.73312926809935,-0.981017383191901,0.0975671911618625,-0.0547702584681559,1.5678703588453,0.165305108821916,0.798701624554488,0.480427967877633,"Moderada Afectación"
-1.56664641912862,-2.36056997375783,2.67923902629039,-0.318390493076547,1.95583534179669,-2.60234010207594,0.810502572082944,0.0776214429118635,0.229452234358128,1.11239962622443,1.80991711661506,-0.846500577809697,-0.247941430033627,1.29415854540153,-0.173500874922947,"Baja Afectación"
-6.23300012078797,3.54204816956389,-0.257148038610502,1.4561327888229,0.576481093196517,-2.20749670584922,-0.254135301226137,0.605929929349928,0.613045929920569,-0.332753241589183,-0.0689071426254731,-0.919736551826018,0.399277461513593,0.239137372667936,1.31829343579812,"Baja Afectación"
4.47191591753078,-2.40072487870204,-0.363569692097589,0.941092009328744,-0.934215486875851,0.170737349047639,-0.686196065110124,1.38061895999465,-1.05637573630308,1.47258330161413,-1.21638452641317,0.922012105889355,0.248942176103288,0.257661972628857,-0.529782383396136,"Moderada Afectación"
0.0108409624918667,0.701552999417193,-0.00883491516845914,0.832788952879539,1.0863986374658,-2.33191909267179,-1.76310363059366,-2.28767042792162,1.79477657615237,-2.37896244994676,-1.38821614795854,0.260167650583101,1.08557180889816,1.70094804198285,1.62106753236172,"Moderada Afectación"
-2.12008031980115,-3.40517371227106,0.395155032876874,1.21617344636927,-1.13443971457509,-0.446881979233797,-0.249776186650298,0.36983084831363,0.610088239870508,-0.290322325338745,-1.00661442510923,-0.537666954043654,-0.793778176047789,-0.229405164056083,0.270322437679728,"Baja Afectación"
-0.518746580346777,-5.15460843741251,0.601935838963491,-0.0793628914745323,-1.59519427890282,-1.03050450972601,-0.515643545156779,-0.389847734857186,0.95307269162947,0.372278431936071,0.826831041462892,0.212543361564389,-0.737224740587419,0.317034583264963,-0.546815571460387,"Moderada Afectación"
1.40414018615067,1.46080546395127,-0.585708150918736,0.254755790126416,2.08144834624465,2.28507627661038,0.528727475223196,-1.08802686239139,0.526613819896896,-0.979257070659701,1.49191171878383,-0.532722155187495,1.11068793150146,-0.423956080232302,-1.6720091696744,"Moderada Afectación"
5.80553640546651,1.31596011083096,-2.11381418508133,-1.32925819273876,-2.23563669892556,0.0858671643418718,1.05785776354617,-1.05290524930331,-1.23446848388976,-1.28657561455939,-2.40925124135995,1.35623862783352,-1.59198655092175,-0.951057680959219,-0.362189739297239,"Moderada Afectación"
-1.85971473589297,-0.642490422608499,-0.0808976816201288,0.0374047842551812,1.50160547390106,-0.150631032343806,-0.0304266922845457,1.63267429914089,-1.06799135101277,0.549330222098229,-0.0168112669630779,0.960622489167751,1.09472503642929,0.865033557987287,-0.167017963552598,"Baja Afectación"
-1.34031555936033,-3.16218623678915,0.293588564083489,-0.379064960897855,-1.24710662527473,1.4473042326818,-0.403080947730655,-1.98957288544222,-1.03017619419553,-0.400569267089988,-1.54311689944857,-1.00761382238529,0.545075559689191,-0.446588937608729,-0.783762359251959,"Moderada Afectación"
-3.54128296178869,-1.18779414282459,0.158019882510755,1.15919134770414,-0.22191449089756,-1.95918722313108,0.010645027806653,0.676864948139217,1.09918367674408,0.513876780231236,-0.0932715199791115,-0.727133803252536,-0.582577828874991,0.459972584961334,0.977058604835433,"Baja Afectación"
1.53198848772315,-1.96253374613271,0.857047114432501,-2.95619975485649,-0.717260157941594,-1.12319995995793,0.0388002626249692,0.242289875902202,0.590117668549969,-0.825640829843298,-0.382628486295204,0.972498540262826,3.17364396358921,1.23704014524235,1.55491509627771,"Moderada Afectación"
-1.1808349090958,2.17285760574579,0.710256688896366,1.11405040521748,0.307316846038541,0.86173036988062,2.44939158021518,-0.775329346485283,-0.098993725256872,-0.452248387116076,0.770246878373524,0.700217060833395,1.11477916551501,0.538383855145959,-0.629158896305316,"Baja Afectación"
-4.57674049084695,0.253927694034254,-0.107469392457524,-0.476255429485683,0.935131118459671,-0.316308781010456,-0.140688668823026,1.04646555890932,1.21097902054519,0.969666977497125,-0.644732270663729,0.34795204704412,-0.741772664093099,0.519505455880568,-1.02066884873914,"Baja Afectación"
0.509151655240262,-2.39534691810267,-0.403568269785154,-2.80685071156466,-0.266495989109582,0.00487398601570872,0.533645686786756,1.6498318199862,-0.675981540961304,0.881217131085745,-1.07789920070133,-0.00827984980111324,1.36474715615951,0.0252169399846808,0.236905759847654,"Moderada Afectación"
-1.52686314055441,-0.365263224358617,0.590123472254679,1.10646343133435,0.717254579260699,-0.684441484629142,-0.407773769203504,-1.43681627589043,-0.538862248489991,-1.00534302374789,-0.449980449854252,0.437744871668253,-1.06446393826175,0.961071120792036,-0.236929748945783,"Baja Afectación"
0.335257147553498,0.147932131095852,-0.169753739702328,0.828085455760315,-0.678344266843676,2.01171775618292,2.40582954984285,0.316070916491629,-0.359411397988028,0.837227011822517,-0.250715940463267,-1.25209117279818,0.812748242292021,0.732399646961356,1.41841878336217,"Moderada Afectación"
3.92531899166223,1.6302868076329,1.60601597569939,0.0115814745058159,-1.77339502449477,0.0177575602342594,0.338563387156348,1.61948811396781,-0.692407105515208,0.412980366884639,-1.58953018218575,0.215994802642469,0.265699457157427,0.797263897463615,1.51393352626805,"Moderada Afectación"
0.326100413039944,-2.04608989286559,0.366374482643113,-0.582603997410121,2.32930458953517,0.200234004466052,0.251354881990263,1.25398221895564,-0.494458030832059,0.423900804313535,0.563715974085008,1.46642593249263,0.313219531689739,0.819089078786881,-0.858585228055587,"Moderada Afectación"
-1.3109718351897,-1.0918843000234,-0.374959030346075,-2.0656099184663,0.136889384774315,-0.729025662798364,-0.779568675686739,-0.343837279289977,-1.351876029264,-1.72901017002685,-1.31836038987552,-0.010622521457596,-0.740327637666333,-0.473541869585164,-0.183014754502498,"Baja Afectación"
6.6034989480507,1.1090073395933,-0.169780304051342,1.39708003388429,-0.652901752252067,-1.04721374114488,-2.17751612367593,-0.805621670081283,-0.879755002449549,1.78416688901988,-0.665081381418515,-0.807964778012275,-0.65870898861295,1.4198772074247,-0.713676142532158,"Moderada Afectación"
-3.29896177110161,-0.0605576716790794,-0.0387869602583053,0.320446263580935,0.855350054117513,1.48726651179137,0.779129778242169,0.928480919525823,-0.210946364718409,0.0486994491011963,-0.848724160408364,0.446220270918237,0.749707757544826,-0.0823401061842877,-0.0758664115452549,"Baja Afectación"
-4.20131469272692,0.849917546391638,-0.303000622801818,-0.322856613051087,0.231824608462224,0.515676116437828,0.340212790867279,0.488456480395254,0.646917012863591,0.134895304967599,-0.899389473934533,-0.448515767420833,0.16150896212768,-0.337192371256339,-0.579834596874781,"Baja Afectación"
0.134881183167864,-1.17018664827465,2.88354046481272,0.785419327724343,-1.06241414097303,0.197913814963061,-0.244328207686075,0.155525504992164,-1.12603240658588,-1.90418773050317,-1.09777070323089,-1.22468242593145,-1.4276908567382,0.330651303353813,1.11078026843664,"Moderada Afectación"
2.85206969356941,-0.16435640369634,-0.610773938586169,-0.248169583102744,0.919040936143803,1.14576974332905,2.72483290124193,-0.90016498493186,-0.678384108582129,0.057095293286784,1.29164786586069,0.894390004752954,0.100850397086674,0.648881795909674,-0.0678557637291788,"Moderada Afectación"
0.0838294814110279,-0.7248096880265,0.419107851613939,0.882107262212058,1.24821869989464,-0.416095255269323,2.05225415287847,-0.258667083546359,-0.21136280962064,-0.692715915632549,0.840369953860067,-1.12760140540221,1.34050997554567,-1.70085588535476,-1.24521080520427,"Moderada Afectación"
-4.19960369079548,-0.386632093786365,0.0804807871961248,1.41292546499183,-0.43141501753038,-1.14519110839513,-0.784985918494476,0.854027233050118,1.26055479536477,0.397048606821608,-0.0114158144119552,0.456008351744728,-1.56333118300211,0.180012904475027,-0.0553599237559014,"Baja Afectación"
-1.67201310454602,-0.369130800739523,-0.182358888721078,0.492229480266508,0.67853032904041,0.984118833818002,1.07178947181483,0.533768966274474,-0.334110603548115,0.819462899535199,-0.988851765568262,0.499229230687517,0.00788287361896615,1.23396330756576,-0.0461535471809376,"Baja Afectación"
-2.55881196786531,0.970029467291982,-0.0443574944261774,-0.538499230171096,-0.972601854706414,1.54602036804831,-0.895053354545077,1.08155090176873,-1.3924187789662,-0.454933725053737,0.597023901180093,-0.242231026562795,1.04994123460747,0.437788361767018,0.0700064387770396,"Baja Afectación"
-0.894014713280517,1.22405214816696,-0.769915648892086,-3.87584774590967,-2.24221119979221,0.819582740703843,-0.0502184860941146,0.868778035361538,-1.2022947132711,-1.19486765703755,0.593062747837236,0.577845112407232,0.573599691606048,-0.653844596719618,0.628834365980801,"Baja Afectación"
-1.07226053714552,0.829761986753647,-0.670651829616603,-3.4693371982967,-0.626935118066146,-1.91087263123248,2.21153061732723,-2.37213062485354,-1.79264114690521,-0.601614160929828,0.0976169631975166,-0.180474496844035,0.85395043044147,0.901129055864919,0.688829200635556,"Baja Afectación"
-0.879834385721745,-0.0984213820828113,0.476997822365019,0.286673657075114,1.73079959107473,-0.59063126331812,0.316686673963705,2.08465657469061,-1.45020660649895,-0.473818173827827,-1.78009629960588,0.058904973404559,-0.406840577730795,-0.399197545929465,0.285583832823591,"Baja Afectación"
3.50303867297991,2.37064755227588,0.729100943729777,-0.713998430926965,2.78330143423957,3.35299052972065,-0.687488427579625,-2.23841773130445,0.792965505374784,2.66688327943734,-1.00109809815445,-0.877025933833426,0.189476373979714,-0.688032128032771,-0.0987140220049626,"Moderada Afectación"
5.11507169009236,1.77018535770187,0.0133917683899215,-2.0412082828506,-3.16707003487401,-2.07016966066864,1.34340079247508,0.207018141217009,-0.755920153298987,-1.22385145739908,2.20154170024928,-1.7060770302888,-1.25902765959181,-1.06099837181416,1.2134807631615,"Moderada Afectación"
0.271398098766889,1.33414020850478,-1.8605988970475,0.442560960371659,-0.839811484580666,-0.759314126032345,-2.08777043374189,1.10955098334211,-0.432513340030037,0.999262672505348,-0.693843653153791,0.0853771980368713,-0.625311007485433,0.137326515673711,0.768793661141746,"Moderada Afectación"
3.36250460272884,0.823549138224412,-0.878102837290614,-0.436114052154617,-0.512608025530893,2.37640473925505,0.174262049232228,0.576671320238956,-0.786581948366311,-0.589707111706713,-0.280462327696703,-1.20608092579528,-0.0697302488977863,1.1656539549963,0.886519970845033,"Moderada Afectación"
5.136238295263,-1.86038961535613,2.82279555952353,1.03597202358718,-1.66959270560907,-0.177119952569554,0.049352702722555,0.507928692790954,-1.34631123576034,0.582903037572835,0.580688684512,-0.7379023350565,-1.63101657534841,1.31268233541076,-0.312680856443607,"Moderada Afectación"
3.06926402671054,2.00367857566659,-0.830608697018175,-2.56673582729184,-0.0585764322470956,1.23094656911474,-0.44232249427399,1.07007400189944,-1.5675832777448,-0.750373406030586,0.590444202133567,-0.543592928082611,1.08741279169952,-0.395858976827245,-0.411296352995545,"Moderada Afectación"
3.83273516271744,-0.938360234210651,-0.310830735228016,-0.945284761594784,1.73839178613049,0.322989169057288,-0.198061277651719,-1.61458270904778,-0.00431856500216687,0.769090317279062,-0.331549000072509,0.646938053386229,-0.451007121048365,1.18662903388724,-1.0794296857262,"Moderada Afectación"
-5.08164279689948,1.05343960699211,-0.0146391638136303,-1.93134693823479,0.128413613400816,-2.39328004049858,-0.542262675453277,1.64819165527414,-0.65306391998354,-0.0131785166143479,-0.256113859171963,1.11073382458257,-0.328372431099548,-0.263627833111901,0.0189151485816562,"Baja Afectación"
-1.15717310803846,-1.72892571881879,0.389614608347812,-0.0368825908156254,1.28014701142596,0.406096022311468,1.40847049384759,0.0928983642310605,-0.563086305866492,0.872567883849337,-0.35696878764495,0.592392105720152,0.0680510280548114,1.86493821069723,-0.051161403675395,"Baja Afectación"
-2.23896406618842,-0.31407238124477,-1.37453011497563,-4.53561710131484,0.0409536104493217,1.13503401631719,0.243960013208862,0.598108701910252,-0.658233562453758,-1.08248377247655,-0.707463927249325,0.0795617465747821,0.190511529836107,0.34795525001649,-0.110058958157444,"Baja Afectación"
9.70101832602227,6.63925016652103,0.430454432898017,-2.42142142489139,-1.79612475247269,-2.15403541259765,0.719347983328792,-3.72096831965936,3.49896478925868,0.0599868745603615,-1.34614532139288,-0.763564554797963,1.42204570116402,-0.368718868429882,-0.58496752200623,"Alta Afectación"
-3.31290811170793,0.0856752706827332,-0.122159487695215,0.624791581022219,0.890144166839014,0.370423331393545,0.00561496420886631,-0.412841647809229,0.701274071033888,0.453331350859364,-0.365222688425468,-2.57536473106578,0.348361037267082,0.102323292430907,-0.426837534656284,"Baja Afectación"
-3.645588433227,0.191644843557295,-0.49142766643585,-1.12611407634058,0.604783434786395,1.77036357409413,0.384281717965892,0.718939952379691,-0.39946791177126,0.728494561624953,-0.180694870693693,1.61580830649537,0.981343339681272,1.06192607134886,-0.43825959246226,"Baja Afectación"
-0.0901889123599638,-1.70602673187235,-0.191908868371194,-0.120253710773162,1.67829036138431,0.306022238200103,-0.273164057887579,1.5088962394701,-0.201920371416025,-0.0273638511825856,0.447829575597986,0.702467783093207,1.21933214681564,0.103886238756421,-0.37642600573741,"Moderada Afectación"
1.28522874385418,-5.11979350797947,0.181933849060762,0.799422534998456,-1.05557541282249,-1.2294917578877,-1.71437314613699,-0.0873917272764389,-0.193198274091242,0.772714942003273,-0.611163319314212,0.650551944218651,-0.0924427298856963,1.21330014158799,0.0992743427520306,"Moderada Afectación"
-2.84265246474856,-2.79449380289127,0.72243754304079,-0.185857058509411,0.608789340035844,0.21698600866377,-1.40692233268776,1.53476216411869,0.53036579425011,0.213809101005009,-1.01955479637289,-0.870502197463731,-0.0887949660427459,-0.123988886273665,0.0810792341781125,"Baja Afectación"
-2.62054541518629,1.59283231977422,0.792993987838352,-0.624510069673699,1.2347554098409,0.471623527936664,0.761920443222146,-3.10626909797674,1.03910845264773,-0.0574765336908454,-0.580470565039622,1.45270194161293,2.31462950868706,-0.47712902818079,2.13383803612,"Baja Afectación"
3.08211856943732,-0.540885476638442,-1.33536802364331,1.55346106887672,-0.298517630464864,-0.141963242270664,-0.180336425860668,0.608679873953934,0.692682633597103,-0.0102281243322064,0.906921283879341,0.393478213073237,-0.900860548709279,-0.195926679970573,0.0951932036827581,"Moderada Afectación"
1.22044815900489,-1.11724619989124,-0.808808331714517,1.25664782080362,-1.02505708938958,0.862987319446153,0.277872785844701,-0.742792284709687,-0.611276442451352,-0.614490975549465,-2.38865648358248,-1.36654217515286,0.727740206641643,0.271869063278193,1.4425903684365,"Moderada Afectación"
-0.785401825821116,1.1405294197786,-0.150982516087416,-0.367189985584557,0.698044201724885,1.46214427304721,0.542613108829338,1.5627502798831,0.474257220932968,-0.236656623201539,2.00868328882444,1.06295728182595,-0.0943595337306199,-0.843785637314002,-0.714779043341644,"Baja Afectación"
-2.44692477202809,-0.945767440518049,-0.673031681320479,-0.380101625380241,-0.306005820558845,1.46153047488836,-0.769085216572952,-0.968802587920663,-0.18298745452228,-1.35474704996952,-0.634730085282978,1.07558612983155,-0.191495614209212,1.03509935480133,0.284154148777381,"Baja Afectación"
-4.31044717081037,0.251125475460296,-0.43897756646567,0.812312624868037,-0.424185855147447,0.493350932313287,-0.363494556537591,0.0717681876896229,0.0738015423468559,0.267584641343615,-0.312987190613788,0.267498403897249,-0.351567404880974,1.72671698285351,0.761125068105977,"Baja Afectación"
-3.77194277495337,1.0873236120788,0.875380460779707,1.0232057849902,-0.173244469209283,0.77656219981632,1.07449498607105,-1.28439410388789,-0.346735706912466,-0.0756899275235339,3.21521723260233,-0.236705148727712,0.497005736832589,0.200339263659585,-0.796372914007559,"Baja Afectación"
-2.56922267796353,-1.36485904639472,-0.523396628754789,-0.592102249727223,-0.517920105461617,0.275298991817392,0.0400682836829741,0.156108328539423,0.384305843493619,-0.136659242078656,0.192494428228314,-0.163035740585929,0.187372563060537,1.11860702752702,1.02693231474226,"Baja Afectación"
-2.90531279277241,0.147242088527293,-0.552513318527334,-1.75565763170841,2.64645130145333,1.45165341682368,-2.03185531889978,0.890516778098315,0.803834037418507,-1.11939913105975,0.353609245258166,-0.0458206856661583,-0.306096931251533,0.991869448267566,-0.949164350918545,"Baja Afectación"
7.15504058639055,-0.255369394862544,-2.00568080777415,1.12225209902918,-0.821339282977647,0.275498004896852,0.675162927325093,1.5452680526416,-0.265358912037812,-1.18743679403167,-0.856062518001707,-0.411685160326879,-0.731186541818397,-0.429126825462466,1.08528346937654,"Alta Afectación"
3.34312167393055,2.38977400134553,-2.54141506943955,1.87007485761575,0.0488706699007559,-0.50645233943639,-1.31414803101083,-0.396129949089452,-0.299536721876583,-1.03536552011284,1.26042928916936,1.274402422866,0.638001253399758,0.876521707813595,0.701567259042567,"Moderada Afectación"
-2.65923120583757,-2.02063437343177,-0.469312141295027,0.272318046949558,-0.447501714443268,1.70237923768356,-1.06023837248142,0.614551314252308,0.272197920776605,-0.998700211401974,0.163195455213744,0.171565054053885,0.290413964556111,0.594412180431433,0.650792870601958,"Baja Afectación"
2.47740342252797,-1.63408742903387,-0.298812233634248,-0.145935855515148,-0.441442770274339,0.0497222566076022,0.48925156716537,1.14860476467425,0.0361579912830168,-1.04938830330178,1.7794181816188,-0.512139168264054,-0.0275966466951276,-0.0282876982025223,1.19602064125865,"Moderada Afectación"
-0.396481428489087,0.184379219719588,-0.818476970774351,0.353246386859212,0.55508294453111,0.3093976704549,-1.83100387888014,0.535265489829172,-0.560092885654533,-0.708148456431859,0.600270698436807,-0.85871226125649,1.76941694398545,-0.402315731225709,0.151074179405968,"Moderada Afectación"
5.5411860182906,0.630948614821062,-2.12642047035128,1.25486883542564,1.26540325285008,-1.82718835575728,-3.09135241254412,0.744668983616356,1.47065218024287,1.11626418923468,1.30842629852313,-0.909659667589188,-0.473878603232752,-0.10630319298918,-0.165860309817088,"Moderada Afectación"
5.14728563849379,-2.76674638287749,-0.894146748214782,0.690671471897233,-0.382070728787306,-0.593877691583415,0.294950949096666,0.375855285987388,0.920357154139315,0.372192485796707,0.8432429240622,0.871900397233864,-1.96621357423413,0.388442418607408,-0.326069112235261,"Moderada Afectación"
1.72322690524565,-1.73364448138557,2.31896020888213,-1.99035281255201,2.17080177381247,-0.305016906871925,-0.384248643782397,-0.464454694717272,-1.07756730250658,0.977583390519583,1.7492566378526,1.67371527435339,0.472992733996353,-1.15294303116027,1.97412010157911,"Moderada Afectación"
0.873817704121364,-1.69199438879303,-0.430717957667127,0.403737737852712,-0.236034354682118,-0.603425385064283,-1.80107485113678,0.571982310189522,-0.412385536225749,1.41771165930134,0.693049278741813,0.750951464611989,0.910408330668921,0.809389946680497,0.341324499405155,"Moderada Afectación"
0.478188098604308,-1.71214217708572,0.683585242384129,-4.09016282226685,-0.488765328553235,-1.40363676452897,0.923878584561264,-0.585024532476521,-1.22517811410346,-0.750981673109334,-0.457501539901754,1.01291191944694,-1.25328112154708,1.10629081394943,-0.253859376664017,"Moderada Afectación"
0.556076920691477,-0.214348809017171,0.659852106383775,-2.88429878373486,0.135046177000316,0.998455328986199,0.779460630461091,-0.578350448621479,-2.34089428467007,-0.757696440110536,1.55814456315293,-0.110506224491408,0.57415138653464,0.251395195475939,-0.79078729517803,"Moderada Afectación"
-1.00599742281263,0.871073364340366,-0.833328986392573,0.632713599206901,0.543758576466437,1.05555278501177,0.41355600268351,-0.119132993345547,-0.610224312422628,0.993974102555397,-0.66591304163035,0.742933534564402,-0.372553391604663,2.07322240081074,0.228126262572424,"Baja Afectación"
5.55442164808058,1.58102577054784,-1.50453247113748,1.30495416042421,0.370206410837722,-0.228728406774083,-0.549949673435758,0.443978837759967,-0.66572562761351,0.333686861457954,0.695146292324861,-1.01426973657242,0.625376758591382,-0.786264600378856,0.0896034316735761,"Moderada Afectación"
-1.50721756491208,-0.28734168954843,-1.32265401522946,-2.66491741798481,0.0840119478311838,3.23587220413148,1.10872084776635,-1.46379743462513,-0.280034746638706,-0.190033899146478,0.000185310533730474,0.32845975860157,-0.212108084584629,0.839329649146128,-1.50173000124938,"Baja Afectación"
-5.72202804499266,2.43860188692323,-0.407741785870741,0.526191252035004,0.249122107545135,-1.29667569993974,0.863892562633377,0.77301008562029,1.21772727037744,1.45368614407369,0.115876252154698,-0.244160915990302,-0.344170151340514,0.698863327873095,0.154145757817571,"Baja Afectación"
-5.44754562831729,3.87078186355812,-1.94319321974726,-1.00257467623526,-0.393477704917362,-0.571517035098903,0.0877274935396125,-0.0015177414413681,1.01390261104772,-1.39629255853009,1.11940844068276,-0.00173790480760388,-0.905486893239255,-0.504145292205797,-0.103128300594465,"Baja Afectación"
1.9457347967547,-1.34653099717557,0.692356044691529,1.66029828306325,-1.68910508846047,1.22794113989,0.40790234138593,-2.11749208925682,-0.895335598088687,-2.15590327204047,1.56444325166246,1.73742293816841,-1.4678268423433,0.0921962370897097,-0.391262143401827,"Moderada Afectación"
-0.691687057379038,1.27638861020854,-0.447937588445164,0.700764350656518,1.06225068294158,-2.0735650866259,2.58634968308167,-0.526475301663708,-0.128962185173383,0.493185616439248,2.43794788532657,-1.41035740619979,1.28157913902475,-1.10488752401243,-1.11821394928318,"Baja Afectación"
-1.35056005538483,-0.936840213812701,-0.704698361635874,0.993139277103546,0.159754440772312,0.435122700092685,-0.416141471902627,1.12173592506598,0.87432861673921,-0.327519217453581,0.762945228794195,-1.20859081216384,1.02505872099084,-1.39517964314236,-0.466322666579553,"Baja Afectación"
2.13863801580215,2.98275646434214,-1.61788539251676,1.76463789148743,1.0338109982051,1.5413773647553,1.64587014843571,1.54025822665811,-0.655866282328809,-2.7547576864719,-2.09296117192741,-0.837762981225855,-1.47677354816977,-0.752064384489024,0.959583333037247,"Moderada Afectación"
-0.758698764429775,0.406856627060287,-2.00077412308563,-1.02573537132658,-1.59548876060552,0.990886071496552,-1.6169834477627,-2.33752391165519,0.607942613847039,-2.44973533747521,0.40218839018786,-1.07889379422516,-1.57320964690789,-0.131869792940456,0.0642992970943598,"Moderada Afectación"
1.15683097904438,-1.71510472983076,-1.08939284795691,-2.08389272086643,-0.73110779417267,0.187806032729812,-0.280038105177288,-0.31692446510752,1.10955324116007,1.64811216776543,-0.683026544757382,-0.15890286669099,-1.42045469898222,1.82457830053606,-0.231235231594285,"Moderada Afectación"
-6.58407884659495,3.57307327240477,-0.797290714024912,2.10289582429022,-2.2225198978925,-1.74529336489205,-1.07566705587738,-0.799018504790857,-0.25304008254828,-0.180047289084715,-0.804997568095659,0.824416554148732,-0.84777171798051,-0.184743763453956,-0.296493791156803,"Baja Afectación"
-0.474326154995941,0.0911358654734364,-1.17095973414464,2.12299878559853,-2.01303941667339,1.19269741704591,1.67952939818882,0.323421597849482,-0.287716372917175,0.0356501966472307,-0.63019679122927,0.315541497441375,0.230696817710271,-0.692447577332709,0.26460628921989,"Moderada Afectación"
4.77845718808358,1.1115107701101,1.00418149251482,-1.26032191843423,-3.50563871269427,1.63528514428545,0.927803478212161,-1.07839954808892,2.49623969068614,-1.63897910547733,-3.15727632009917,1.65798270538988,1.49020633962473,1.13501500406888,0.714251275086329,"Moderada Afectación"
-2.06386275416409,-2.13232392146998,-0.53413340791356,0.124975222137257,0.340033395648223,0.541566303641436,-0.485012607975364,0.893753708198411,0.930296618399874,1.23987014100985,0.467596051943335,-0.106988320095921,0.892545041458169,1.24077973428736,0.419854616829171,"Baja Afectación"
-4.36571673945436,1.22921786384309,1.04689656142919,0.674043439359362,0.126395464363055,-3.2335460558676,0.216773525467723,0.647883629783061,-1.4859753484896,-0.811513238498803,-0.429250430251378,0.583950425800572,-1.58458647701274,0.00900439777796676,-0.0226947435872344,"Baja Afectación"
-2.78211528936892,-0.629213817131431,-0.374803394661022,0.35942007486072,0.504126294366492,1.15674168142586,0.459403614891202,0.597139160515628,0.98354084798877,-0.323213758894653,0.574813058770372,1.24323284844936,-0.0743737470113868,0.861603101317253,0.000408794822771993,"Baja Afectación"
-3.78257415049324,0.93517946118177,-0.25802947391901,1.1307890954431,-0.0187045937704379,1.64702596339485,-0.308483255666163,-1.33789154121369,-0.569957840371168,-1.45360744562668,-0.577322812538757,1.64610413635043,-0.492325167334417,0.615233760993823,-1.00153709170526,"Baja Afectación"
4.54271611300928,3.65043816187987,-0.951449545423106,2.68488384164748,-2.44481124305562,1.33434010642351,1.95907910800359,1.23655712117546,1.23478162042064,1.18457663611253,-2.06174789367928,-0.653688307564121,0.67664508095288,-1.82566326329543,-0.684767993439748,"Moderada Afectación"
-5.48974539059505,1.89026709397663,0.320984488212339,-0.0463857321441045,-1.12702979053671,-0.353594607461024,1.39510819496212,-2.31731779436461,-1.29275195073536,0.566131492459527,-0.188876477304081,0.640008852970769,0.540817570605646,-0.663229992043915,-1.90567935393797,"Baja Afectación"
2.16228423225226,1.55864117211854,2.76671083149224,-2.35187137187802,-3.43359299130057,0.984828260982109,0.893941578834201,-1.93268933775301,-1.16377600797395,-2.33039523741856,2.2770153388449,-1.09561429265955,-1.04842180910527,-0.192871861059055,0.897193418576747,"Moderada Afectación"
-4.5319124344384,2.0124490209419,-0.630133708486878,-0.0583036940772959,-0.556410024988281,-0.813211835670734,-0.102312797803521,0.64707498856554,0.230161753144507,0.512156914340188,-0.211469439851918,0.718230213096939,-1.54130820752317,0.926295596049902,-0.111492238603182,"Baja Afectación"
-0.30300638918673,0.418344523049293,-1.11727836044175,0.370039600340223,0.0821948080204724,1.54239125579477,0.613903965318714,0.226006545877183,-1.57232168651561,0.249256380552399,0.229956306771536,-0.436182346410555,1.90610360768616,0.706581673240902,0.360421998052743,"Baja Afectación"
-1.17866555841309,-0.781414265662294,-1.58929918001099,-3.77890251918476,-1.07893680217233,0.427855271716259,1.35518124691611,-0.487016100388915,0.167083449786378,0.0593502612154218,0.0494297522038116,0.064565600905693,-0.412849921667071,1.10085271017022,0.160554694543979,"Baja Afectación"
-3.88448070660271,0.9361622797907,-0.738387157276324,1.09833570302415,-0.332492327032826,2.38091909891538,-1.1700016957005,-0.358807308188073,-0.673247603599162,-1.14539407169842,-1.29520051917712,-0.788325058463158,-0.945224595931368,0.0185458386237977,-0.719715621261744,"Baja Afectación"
-2.37437166587936,2.31466156908372,-2.3591168537514,-0.446203864899645,-2.1566578176936,0.916555961868606,0.832820585192157,-0.0550581355495638,1.04422853881632,-2.04089073926056,0.949428245001872,0.792942259766891,-0.485708270211949,-1.98918991648962,0.140669718464188,"Baja Afectación"
-4.39285418560199,-0.635195151826028,0.112741470581694,0.797334642010214,-0.292331926464115,-0.0798602449238012,-1.77772610945733,0.710323555779862,0.212745475037488,0.0218655735547569,-0.422471550796076,-0.706208781136944,0.344546240509555,-0.560864732317817,-0.450446712609081,"Baja Afectación"
1.96988614491644,2.09041533904223,-0.652671975207252,-1.01059702771369,2.0033012118818,-0.904599489976549,0.227144482530077,1.18830333479501,-1.21615440755625,0.914296218254911,-1.45155914809962,0.449296175898909,-0.382446729922188,1.99903135745397,-0.0402310530182876,"Moderada Afectación"
-4.96873408523153,1.40042190903248,0.0930938771606225,0.622818284665099,-0.728376161517612,-0.49215638121533,0.545471944013735,-0.819194740171398,0.174580670287741,0.629852620194908,0.117213129437176,-1.06540691268459,0.334441433862935,-0.158512817165908,-0.621416802540282,"Baja Afectación"
1.62823584583088,0.0758578936499127,-2.44090514389755,-0.102915306735713,-0.356196339189679,1.41856087059227,-0.578920150259318,-1.01279781282072,1.44101325734051,0.811821213688002,1.42375266195396,-1.35691990693735,0.72581074003885,0.701590616984533,-0.220583104962662,"Moderada Afectación"
4.0866191151691,1.69222980165996,0.285650215690182,1.18013286691452,0.451458062569368,0.202556467590291,1.8209621873716,0.365217690561766,-1.81012895120425,-0.539328254176369,0.753856723298587,-0.394184608537333,-0.62867178623135,1.02596501500842,0.597716715957703,"Moderada Afectación"
-2.90645592553153,-2.07393540457728,0.368799052541331,0.604491648217749,-0.513701501655354,0.56827541216709,0.4347476994779,0.318749502922035,0.0619977434992598,0.101527085532182,-1.38158559610346,-1.4692843744368,0.106511240092846,-0.065275720394129,0.855045806338287,"Baja Afectación"
-0.833538352762344,-1.66418006026497,1.15493755750976,0.00611878245302243,0.728257514683169,-0.282928789511744,-0.820309705111079,2.24264345634581,0.0410831974777118,-0.691783490967525,-0.0165355062862609,-1.60344162284871,0.0600218074505384,-0.237747192256627,1.10055362583452,"Moderada Afectación"
-4.37245133518253,-1.09732082491621,0.512212903038504,-0.361590797318355,1.50378526920319,1.32706332552611,-1.02959479596636,-0.348235575334641,1.03134528272622,-1.27411603790937,-1.28046262546409,-2.60297788843548,-0.483717140006028,0.267499613014237,0.294655729043651,"Baja Afectación"
-2.6895651265677,1.84117843005004,-0.18400087014898,0.745657734929192,1.3313007271102,-0.562989820718404,-0.209865979666689,-1.23511110947424,-0.426417048640238,-1.58666491082718,0.191291484418854,0.769754738683184,0.13561840768012,0.549667741616036,0.276217753767084,"Baja Afectación"
-2.49984208612263,-1.39910315825639,-0.189051112640422,1.11588039078075,-0.139606160492917,-0.150333516218193,-0.184823557920368,0.665149107948905,0.766203009228604,0.723511085707858,-1.2954513048793,-1.39759207729743,-0.999583644891003,0.444803785048853,0.199251289646164,"Baja Afectación"
1.92755377535859,0.189890674585862,-2.12230143031536,1.32199148678936,-0.714293370934392,3.75778482423702,-0.594549373697929,-0.169344251193912,-0.425073908677522,-0.162350398333308,0.248059231891697,0.786932082579078,-0.274551712730171,0.416276946090683,-0.894973969798413,"Moderada Afectación"
-7.41615346187436,4.2647940990845,-0.924559489339582,-0.619294384744062,-1.33940723445239,-1.3217473320687,0.202916244262285,0.125070799923107,-0.513392175193464,0.831002533950747,-0.197254748784248,1.36915032749909,-0.537655861617964,-0.0627189805741503,-1.11484144528675,"Baja Afectación"
4.01388484456895,-0.6206299829865,-0.114252472158491,-0.464385669403513,0.872879426883698,0.0260318783500403,-0.0798962961301212,0.00842344654955084,-2.1041300424394,0.0301033447282744,-2.8945000043602,0.631001743685732,-0.743878100665933,1.04751747594906,-0.530691107175166,"Moderada Afectación"
-1.22310759034073,-0.937168023466341,2.11074380920635,1.73869129269334,-1.97092422314577,-1.64029125203275,0.645487310845233,-1.58251648195461,0.203440219989945,0.315876401111598,-0.128665880001737,-0.0413572343942338,1.1313477042705,-1.13249968024062,-1.57612128542609,"Moderada Afectación"
0.851839741290659,-3.59282340545979,-0.81369280558911,-1.21897501043391,-2.14009042212287,-0.371791783907532,0.103773380867225,1.83225180519731,0.181935536640339,0.711764973775012,-0.949616589825458,1.14339285333218,-0.316517172367132,-1.66821606934806,-0.902392013463678,"Moderada Afectación"
-0.498794602297963,-2.01811359055825,-0.725157396700943,-0.691136268300571,-0.828956781316168,1.90679826263774,-1.34385001404895,-0.894974472814105,-0.168481043337286,0.500498871508017,-0.81833982086391,0.407991141941561,0.768186625436286,1.17796187242572,-0.0809307334529434,"Moderada Afectación"
9.11812064261535,1.32734208436657,-1.4880794108136,1.74291443348135,-0.210446033808142,0.811012833740218,-0.0639126376936185,0.0433794300036022,0.0643897666428752,0.382833185412156,0.628246852561708,-1.39472293368412,-0.825234417006113,0.493770203112517,0.0167470760707478,"Alta Afectación"
-5.71070421356925,3.20988136398014,0.578011701890939,1.78798827823448,-0.336080488095561,-1.95891532996669,0.412610996071303,-0.386891480709889,-1.61928929452893,0.0283830130801442,0.324522443878412,-0.0170311348749391,-0.00268858139423662,-0.234749664201848,-0.455718155406201,"Baja Afectación"
-1.64864345190665,0.168836414868054,-0.0568009650686026,-3.51965047067011,1.30604364859933,1.05939833995757,-1.91382718696664,-2.86021565331967,-2.25284542861095,-1.68724688617544,-0.485253235071406,-0.698072447063721,0.605248363188193,0.964152515714901,-0.812736136181498,"Baja Afectación"
3.86916119101619,-2.03331368151492,-0.407846526363873,0.823401114205161,0.119828862323395,-0.0367248459572072,-2.21591437875717,0.714847786853366,0.311636358639798,1.48792838684579,0.677778947280426,0.269430371290333,0.428923187870664,-0.750675155004411,-2.92605046788014,"Moderada Afectación"
-1.03041560787966,-0.311659904980916,-0.297187279973303,0.934699479421108,-0.286504034064736,1.04584624712366,1.70750666750909,0.899473410991227,0.102698678923738,-0.664473902159515,-0.798390478840071,-1.18178990897389,1.99093074295639,-1.65117307345723,0.21645299194291,"Baja Afectación"
0.840414445167181,1.61599903222579,-1.61084514247058,1.63879520879206,-0.245808628950289,1.02754180665578,1.01968160849709,1.71387143650607,-0.567781015651162,0.22962767418033,-0.817154436539432,-0.397725880480941,0.915295097199664,-1.05301171870033,0.260038145435131,"Moderada Afectación"
2.10362055063292,-4.3373081924159,0.527623452046883,1.12095561646812,-0.546833062700738,-1.12851381795185,0.485911752056232,-0.41987185092326,0.164294073227783,-0.106125908702818,0.806369957584463,-0.409722714105439,-0.185253827887749,0.130118723941372,-0.156196009509011,"Moderada Afectación"
-0.762124388645147,-0.683751117434326,1.12339930654792,-0.96148058939016,1.57775406696069,-1.55258457244369,-0.0376359009462938,-1.14426968451637,-2.36398705713438,-0.662311119451915,-0.247890298941208,0.259374126279731,1.73741378257905,-0.61758282266295,-1.07250517307763,"Baja Afectación"
-0.676924420469287,-0.663604886604511,-0.169278528901487,1.76850333539416,-1.4734163994561,1.58371074522436,0.163089868219517,-0.913251164628859,-0.701567836394859,-0.591639510102489,-0.707116609555053,-0.892806951210941,-0.115932280775165,-1.31799659350826,-1.30900180072719,"Moderada Afectación"
-6.18429257119904,1.7388838383949,0.324859620292181,0.01035441512991,0.468053413073751,-1.09770832145182,-0.308754056768664,0.147412121995987,0.530070719907274,0.049202711346999,-0.619762609387492,-0.984052084209604,-0.369846414186707,0.0643786137953666,-0.183079483434879,"Baja Afectación"
3.33634455546891,1.05625121178343,1.83765602675036,-2.20112524375538,-2.70027356627916,0.422244457634276,1.02177153818585,1.59146076964926,2.73971931425057,-0.842069665174878,0.153430568398172,0.0107428201090432,-2.29832608720937,-0.530571462031863,0.299349854838634,"Moderada Afectación"
-4.95860070592468,3.20832467580091,-1.83281337437121,-2.57005618038417,-1.54822444222645,-3.10371849911466,0.988185852368718,0.904229519843354,0.592264250535038,-0.219989907840099,-0.15355078629256,-0.267063266356451,-0.761553378925853,0.0116268237438496,1.87603953668727,"Baja Afectación"
3.39558033272964,0.273573398457742,5.9641869718984,-0.218047838208948,-0.193239629754146,0.77138630588268,1.99405933282954,1.89015711648905,1.76283705538996,-0.944934425109584,1.87762274300726,-0.392176977213853,-0.3531584669934,-1.28665343879572,-0.610161886664246,"Moderada Afectación"
1.80182706350973,1.15310486563656,-1.39779215526214,-0.887232409615781,1.02081839799878,1.93499009161016,0.38716588907178,1.6350413966917,-0.612742007971173,-1.95321355598836,0.0593488789699678,0.888790392336904,1.65237169201631,-0.647971204418382,1.12207223355567,"Moderada Afectación"
-1.42087501197091,1.07270001318403,-0.341979890825961,0.940614272298193,1.10367020045157,1.11522474346899,1.34821482583683,0.594756045215635,-0.540282689753685,0.26100809453596,-0.431342362939029,0.250761246956284,0.154657447206627,0.362689631841485,-1.47593393961944,"Baja Afectación"
-3.87628596371329,-0.0920004321273771,-0.883272432187176,-3.39596733662826,0.00578709789787273,0.27079676072364,1.12790893360309,-0.17026282013565,0.836058792787942,0.550837764680766,-0.345317056009496,-0.543834783790362,-0.29857920859607,1.19395312915197,-0.163739705388605,"Baja Afectación"
-2.73233266237126,-1.66851978999942,-0.842524660146376,-2.45744515039233,-3.61183061776844,-0.027034114751071,2.28015327209963,-1.76556767302776,-0.0387106243896767,0.546139162793708,0.257967710888724,-1.36627153691371,0.655069352907425,-1.62726641036365,-1.21883438023376,"Baja Afectación"
5.61584966178358,3.50191663445211,-2.43111234902572,0.443953901514536,0.0411651706865209,2.39152905764444,0.154784460094532,-0.136784085382247,-0.419050707843385,2.20229153207953,-1.14565894626615,1.06430822099535,-0.571060355340188,-1.54907423161755,2.00655273254486,"Moderada Afectación"
9.08584276343574,0.2272149511811,-0.937366657003373,0.29560355422699,0.974756667952828,0.371766437438441,1.15730471486731,1.06818499166536,-0.374453323321238,-0.393679855666362,0.593836572339405,0.115917375168829,-1.89537828477042,0.44716342982292,-0.397101335029421,"Alta Afectación"
-1.03762732202543,-0.974877657372082,0.0951290935092256,0.180663369832662,1.03713843674003,0.395755852505534,0.373586086171467,0.189507415723935,0.823441377855432,1.23333496773983,-0.659323197565142,-1.16704427972334,0.258647818940833,1.47311867547833,0.208940922389108,"Baja Afectación"
1.49164278353583,-0.251782042061432,-0.367606214318951,1.79553935945489,-0.656343869356645,-1.36924224308021,0.452243208185241,0.64776343748952,-0.663526888474587,-0.0498849290818013,0.13084685245136,-0.481234457709947,-0.533151186571834,-1.07795151202816,0.211035394892684,"Moderada Afectación"
-4.86351721918804,2.45376742939909,-0.868334439886818,1.97091468703763,-1.2361761565285,-0.446269694630347,-1.05037786799017,0.693076317116954,-0.62219410207045,0.561680125033534,1.17105740725504,0.519974993117635,0.966822791929405,-1.21065567141289,-0.695614468597256,"Baja Afectación"
1.64079730240026,-2.83827065630388,-0.475078215720906,1.2780049567887,0.551764379924364,-1.06026438977151,1.45196353047121,0.843289141833034,1.93147605088897,0.318459828208461,0.498382680740963,-1.22709244756302,-0.289169637042223,-0.657734713891872,0.185473238658907,"Moderada Afectación"
8.99565736922079,4.66469817383766,1.93507710825927,-1.53057516454503,-1.75059064578233,0.929831243868207,-0.0815341424318873,-0.111523873640489,0.870917886862474,-0.044506216386701,-1.54487288690882,0.334632091446227,-0.654291238760892,-0.682637226776259,-2.27594548386865,"Alta Afectación"
-4.69500736979726,3.63096834188854,0.455436472793711,0.797479198910126,1.11235018630952,0.665380883243835,0.464585340507784,0.97747926609665,0.272217873699828,-1.20436732912681,0.460430230134277,0.997303651998013,-1.70595301644517,0.904956598434106,0.17384344205229,"Baja Afectación"
-6.70590909461858,2.51119657042044,0.391233179502607,1.22552585211182,0.325220036105826,-0.537436683741768,-1.02738896520716,-0.81206777479996,0.0210395698008344,-0.527763390918675,-1.25966765137949,0.294869483306349,-0.433458005765635,0.178846553554806,-0.38841003198297,"Baja Afectación"
-2.68578417595534,-0.272191910680092,-1.37391621005708,-2.76995969576981,-1.96499971622209,-0.282273212558436,0.813657762318917,-0.273723202705394,1.0214948557713,-0.439001117863853,-1.10328260447476,-1.65476138753557,-1.40270726702033,-0.857892698967812,-0.0977287473546141,"Baja Afectación"
0.727687111036389,-2.35177032919572,0.476091316975086,0.187453111090541,2.12078369259625,0.312973048745136,1.30670474677054,-0.785007568035378,-0.0689681194236019,-0.6146078274817,0.958733903574089,-0.665073585368472,-0.634762547613132,0.717212413225501,-0.753195649485499,"Moderada Afectación"
-0.271628794200845,1.62170338169835,0.0868161473696092,1.20030054843108,1.14252056322612,0.015082831192218,0.707998491363269,-1.46937474764756,-1.22188696746723,-1.35276011621271,0.0692299206096432,0.532870741815367,-0.069681120461686,-0.0160419849806518,-0.0327249209223786,"Baja Afectación"
5.71713485115084,2.18445574647218,3.82765807049728,-0.533565623240609,0.397903264126398,-1.14776214704361,1.82422268940126,0.799769038886879,-0.185941718701555,0.17397949139094,0.399727766873709,-0.465945139947263,-0.524241202718358,1.13236903399845,-0.594635047810399,"Moderada Afectación"
0.44162722490965,-0.477349972190022,-1.48219361189748,-1.01362310442665,-0.578555812134409,-1.65261141336401,-0.976545380608328,1.97222878638437,1.03608896836701,-0.179169635686604,-0.0118296550631154,0.41882906374441,-1.34993791777142,-1.07564695349784,-0.505889170362456,"Moderada Afectación"
-4.01593643465378,1.20055399220186,-0.0291428803535849,1.04387493697598,0.873377595726331,-1.41734104369516,0.5315903442064,0.431204212794037,0.389211038786009,0.501534209979871,-0.161583955205941,-1.58940176166353,0.109095978405237,0.276622668782645,0.0973546956943869,"Baja Afectación"
-0.395085288537135,0.285705153847988,0.097904465112852,-0.548739287489965,2.76908629110501,-1.22064813081003,-0.710364365918721,1.55495002049616,-1.83503002185961,-0.90495934656597,-0.369869200917594,0.0628383401728699,0.823991627711092,1.5760731662074,1.23570158757174,"Baja Afectación"
-3.32729401095209,-1.73430059972132,1.87017275186859,0.959722436213447,-1.90674872687662,1.23118009397029,0.191985690442256,-0.635515939336505,-0.788620808639385,0.104058450423107,0.457085589641124,-0.976197069362802,0.276771104348067,-0.848659165022987,-1.11079666890707,"Baja Afectación"
-0.921878211302041,0.400622710067474,-1.38178513696274,-0.530587174117779,-1.76550824912504,-0.339182665569106,2.09110664549674,0.35567765458619,-0.0392137018684453,1.02646519703717,-0.775916728779537,-0.198498387320431,0.195358330702014,-1.11114005058559,-1.05249241681898,"Baja Afectación"
-3.95716008184823,-0.759699848850144,-0.291505751968741,-1.03562753829196,0.723666148437996,0.503488269290015,-0.899829467938569,1.02732977962973,0.753767717145923,0.522384768684567,-0.21998890508175,-0.476606665162239,0.617302752872437,0.0774067883940302,0.0422198420802517,"Baja Afectación"
0.345082653300753,-2.32798060543392,-0.0447234574989946,0.913297116592938,1.54602476060005,-1.04619765390334,2.09157511990812,0.348525327302162,1.06600984989833,0.239581781422154,1.0117033356215,-0.0380070552511082,-0.16570480885491,-0.574194133241004,-0.404571226153492,"Moderada Afectación"
-0.985563067462716,-0.494032668871929,-0.834604686150132,-0.851624561133281,1.76593727850119,3.21466478300147,-1.6044807392975,-0.805599521031833,0.953545497161375,0.0897484703431478,1.06400743883029,0.948930617509891,-0.476480652889034,-3.36426444672336,-0.207403862601471,"Moderada Afectación"
-2.40180729565713,1.15890975841628,-0.794800320415426,-0.152704135425833,0.782584653844045,-1.1147835787233,-1.00378877274236,1.764460060544,0.562076550665018,-0.0164297361542183,0.621701883039474,0.226291758687806,-0.0194697924571084,-0.489345472186879,0.126105471218817,"Baja Afectación"
-2.96466144334444,0.0625870949539318,-0.352440840980339,-0.703005736245712,0.0809224987002605,1.18381010431043,-0.334090090725919,1.05281757335435,-0.96049663487547,-0.231042828431624,-1.00507754439572,-0.707146887764248,1.72423914505386,-1.13352803293904,-0.619371572705784,"Baja Afectación"
-3.13406956609872,0.65221308429032,-0.357298340778401,0.614765890386596,1.3248223457924,0.450022952952078,1.03702827567494,0.160273978656094,0.311173008784583,0.305634709239281,-0.663166531221404,-0.994438194250812,-0.19883706261471,1.04187141418371,0.0676319232774925,"Baja Afectación"
-3.23445810342141,0.950434290405303,-1.4007548227287,-0.412898826409244,-2.17540747425711,0.764262679998951,-0.4538724704745,-0.68543006019962,-0.569696118019929,0.211091060930594,-0.635274647558021,-1.31688061145383,-0.143319210771957,1.16961940332817,1.15175868020562,"Baja Afectación"
-2.76136533252092,0.142837376238372,-0.3381716947218,-0.169317426947594,1.43856407726811,1.33389778804044,-0.181561032315796,1.01533480144316,-0.332187492486164,0.180519369843114,0.511719462572555,0.656800077281528,1.13501675700324,0.691752056351284,0.145199945663311,"Baja Afectación"
-5.59855953102681,0.734188804803895,0.233787527873073,0.164725567971439,0.989405020910288,0.221838534349341,-0.501366730644916,0.742936726396539,0.455201801371887,1.07690514856585,0.0683658932589322,-1.01884895304463,1.42887343578924,-0.113967023963663,-0.660705538050849,"Baja Afectación"
-2.2632784636005,-0.869506443875631,-0.800753004582783,2.13612919707547,-2.45377359626053,0.856229842006997,0.641368987045623,-0.465359730536816,0.106417322820255,0.731447289207722,-0.354155018236801,-1.85418552273557,1.01471029122287,-0.909244012981456,-0.148957645338185,"Baja Afectación"
2.70568862420552,-1.22521815037884,-2.13518498086861,-4.01263263294851,0.788286263207493,-1.1783094783675,1.46103438936025,-0.957600705404847,0.646703594292286,0.11603116238,0.7423571503731,-0.673861478622528,-0.40425006992409,0.817978042411254,0.0965164304003464,"Moderada Afectación"
-4.94166815247993,0.11031204763396,0.736980023471982,1.56538235765322,-1.06263509890482,-2.91715929941214,-0.178397628378639,-0.243436625432569,0.15621857526132,0.838273275229247,0.760370052434835,-0.796074663655869,-0.339854699530834,0.303956435441838,1.31993551350003,"Baja Afectación"
0.197784061050533,-1.48013248177065,-0.794869065101122,-1.00365346098518,-2.2434016284742,-0.290321261774758,0.506984534674876,-0.707984511651221,-0.64897396816169,-0.0264641718165092,-0.835322400976916,2.74023114694184,-1.09186027673735,0.575639187384282,-0.134371128472705,"Moderada Afectación"
3.65490086191434,-1.81070378412092,-1.11304118656426,-1.23868168239388,-1.84474479048193,-0.659676603933261,-0.716327645606535,0.291707631380959,-0.785164584210541,-0.258197371627038,-0.696703601811409,2.05782133126312,-0.341632913601916,-0.398582904359446,-0.288600107171559,"Moderada Afectación"
-5.39630109112775,1.76609754218967,-0.571506541935362,-0.406681181422164,1.26565471804713,-0.0427124822246037,-0.973490251843335,1.16763370769683,1.34504946643807,-0.97894440250143,1.01011862475686,-0.195692204656982,-0.226039032545123,-0.0521572663000981,0.548233897607089,"Baja Afectación"
-7.21225552069833,4.34343143354739,1.65914052239065,0.896193300208055,-0.97502329899338,-2.00209802314615,-0.0586807490902541,-0.618120574223077,-0.223272712402729,0.197531803511575,1.45840128343199,-1.1669680422316,-0.351680247101649,0.505042845623066,0.180842474525924,"Baja Afectación"
-3.16429294526379,-0.247254750441795,-0.719233567712723,-0.885746092852896,-1.41190409567239,-0.65309262850141,-0.527455271859221,-0.737529156596779,0.870962150177012,-0.399862431880069,-1.43108573140613,0.438940019448958,-1.65706448812727,-0.118592253959144,-0.558764975098221,"Baja Afectación"
-4.34895538881413,1.50894620927101,-0.100578502093386,-3.05482891382128,0.251605786662163,-0.720706512010992,1.46885226693098,-1.07924310947303,-0.219758558791636,-0.381864192828043,0.429732441681935,0.937028058090576,-1.21818636066105,0.52523880983167,-0.422739592244521,"Baja Afectación"
-3.01784710466543,1.12842147057262,0.523190134637214,-0.37475927766447,1.71847956866582,1.28753873542046,-0.631710179381149,0.878479253374994,-0.853575358696394,0.0396819996611205,-2.10758917639416,0.358307662537748,-0.978511177837602,1.76274997200317,-0.538787279502006,"Baja Afectación"
-0.0227314104626727,0.734174556690712,0.169522598667457,-0.0799953359789679,3.03687913865477,-0.520925511641541,-0.753583386426951,2.33897739019212,-1.20023171902411,-1.41493690483295,-1.72682359424812,-0.245272628297029,-0.551917890069274,-0.0836512144234796,-0.0889440290451673,"Moderada Afectación"
-0.0987936594651863,-0.479742445515851,-1.11406112440837,0.34469598359388,0.848847640605168,-0.923799196797974,1.68231038210821,0.572147684734369,1.10661250276958,0.560043195778178,1.54462470687464,0.661407524590866,-0.192975627978676,0.725289272208558,-0.349095377689218,"Moderada Afectación"
-2.22754399592942,0.739930036211418,-1.17600081040859,-3.32756902824722,-0.804365464671524,-1.56764005002217,0.726078380947408,1.89478259913442,-0.348399054933224,0.130452758664387,-0.327122729515483,1.3281597261322,-0.0346166895125493,-1.41383267639892,-0.679636245187032,"Baja Afectación"
-2.92018956041965,-0.182616156482891,-0.549853322780571,-2.05528483750653,-0.713125934130413,0.457033177362036,-0.87595443920812,1.2414280452456,0.34241267190407,-0.717749478488677,-0.705498578618251,1.2225892409347,-0.920463258653103,-1.19614891927367,-0.543333329943127,"Baja Afectación"
-1.59205848872134,2.62486680290296,-1.55632357735022,0.956602261885109,-0.162802251418197,-0.444354516183355,1.30253298028295,1.42211219876642,0.951100832024704,1.13101270451564,0.83475809223097,1.55923217778561,-0.177713693280693,-0.1719701001858,-0.670983856540314,"Baja Afectación"
-0.315490796516229,-0.750639709544453,-0.0619642820414956,-0.174758173396226,0.339556876655767,-0.255910437555149,-0.821699478382594,0.846782514374945,-1.30631565274773,-0.868680894725171,1.20362999326863,1.90700837312814,0.218266035778413,-0.589581535263061,-1.03669982635663,"Moderada Afectación"
-5.39777455827344,2.87788120293582,-1.33809880231224,0.915218929609446,-0.132504476021317,-0.555068487319575,-0.221398745783701,0.658414899879346,1.69951851319975,0.136669776340065,0.759444326352424,0.406118480564149,-1.27610920598916,0.546519741012088,0.0333809688903426,"Baja Afectación"
2.6190813579763,0.696654857388566,-2.11162808637867,-2.21602252905061,1.84927553399351,0.144628105586848,0.926823677822972,-0.248566547842116,1.07903118276987,-0.0274584433898351,1.02811715621071,-1.28037507824026,0.325716793824528,0.332695371050892,-0.395936772097717,"Moderada Afectación"
3.11589200133024,0.500058139939186,0.756567847787989,-0.373560444391969,1.87076972404338,0.632037711434371,1.5040857031562,-1.1081619846382,-0.175350234286866,0.834451352432349,1.44867499809855,-0.611960186493891,-0.661544361007047,-2.73600474492096,1.7647300212134,"Moderada Afectación"
-0.496367101044519,1.42065290965058,0.110765221620214,-0.515227459121629,2.15329929470525,0.465060873824924,0.322268429736809,0.124326239476815,-0.782539943059632,-1.19939671540535,-2.82297859901569,-0.681336424095534,-1.10822794839322,-0.153305962703728,-0.555349432028299,"Baja Afectación"
1.65052543590764,-2.4966559742822,0.273539317594959,0.420598240744649,-0.958016304839517,-1.16055047798446,-1.03129851957245,-0.499523305095069,-1.12798422210074,-1.46239433394491,-0.475429059509824,0.714999987512502,-0.117768372646635,-1.63492105755905,-0.48578334999202,"Moderada Afectación"
-4.16930824047204,0.757583162869643,-0.986628162237616,-2.89860668652059,-1.86898439887886,-2.21940009191262,-0.425563753808203,-1.32520790820144,0.932535340146609,-1.24475288675574,-0.748242746617709,-1.04148375490318,-0.972994189003529,-0.672516516349677,0.449975521790222,"Baja Afectación"
0.74635070856247,-0.617827832643463,0.0866757937191429,-2.27443394507196,2.12243500037993,-0.379566255104311,-0.629835603772941,0.463934488055545,0.75966092555725,-0.1282409809433,0.646295531865111,0.573914731971777,0.13724571861337,-0.217912322896625,-1.77738493098685,"Moderada Afectación"
7.48316854411576,-1.20064228055768,0.739476659388841,1.91309754962563,-1.09167412989291,-0.315141412361901,0.0174153575014448,-0.395756191061979,-1.98937515198659,-1.46427660854574,0.0459298668842692,-0.0714125246291587,-1.46262560167984,-0.415632951670469,-0.0221649515121014,"Alta Afectación"
-3.38133627613619,2.64248879793074,1.05722366772571,0.578423362400579,-0.23973467064768,0.499432259275206,0.951917099067131,0.895417638875796,-0.390807432337674,-1.29149330270613,-0.301148559823408,-1.44912547876161,1.17115727414529,-0.178027817567152,1.37125005994336,"Baja Afectación"
1.87993814726471,-1.28983170270142,-0.686869055645753,-0.475492584543756,0.445124142331117,-0.565271653045567,-0.78521786006164,-1.13553603200136,0.311681742394986,-0.127905302003019,1.55562688557601,0.60835005665152,-0.557346064941113,1.09973311937498,-0.461225116123727,"Moderada Afectación"
-3.86791933861058,3.03330400786567,-1.44999103965167,1.84093754943394,-2.89082383739805,-1.0709409510906,-1.0059327996555,0.53866656040729,-0.994515013055289,2.08874727464215,0.0300188678905345,-0.407990531009545,0.967317403477791,-0.29014567337212,0.182163285544614,"Baja Afectación"
2.37267674482636,-1.80643972943902,0.909411663620086,1.17271670155031,0.365905362468827,-0.493313822014154,1.11845404181996,-1.73645788049737,-1.72085801908683,-0.939798924079745,-1.47490762028889,-0.779261939072421,-0.839549737907236,-0.20623539470303,-0.122113154295397,"Moderada Afectación"
-5.12018167224451,0.194214998251541,0.604241613496304,0.964924790114989,0.515301637440846,-0.53014750561273,0.121986111387526,-0.302336260435583,0.941760741772432,3.27603803393276,-0.449516823250306,0.623933825819021,-0.54523172052463,-1.57655158674118,1.91373990532645,"Baja Afectación"
-2.85844785651744,0.0128230344372314,-0.29586088450602,-0.367525574522746,0.362420968026561,0.151821051565622,1.42040836432864,0.69247866547102,-0.05520814155021,0.836393826233792,-1.06439039297508,-0.328101247739379,0.511705146213563,0.243041554723181,-0.169926411571942,"Baja Afectación"
-2.59748726115498,1.74595284484679,-0.609336135194905,1.29678901413202,0.00271465822232469,0.391313992633367,0.398873212407508,0.433806027790452,-0.378853129063374,-0.194361973684898,-1.3578602576409,-1.03581177176575,-0.391904966446896,0.235041140376405,0.691222616793129,"Baja Afectación"
1.45150345422502,-1.49991623761492,0.516965465465311,0.181504758098793,2.31156861457481,-0.178149338143166,0.306255320646852,-0.0617449631224936,-0.927724762127477,2.1248789474574,-0.162000448017503,0.885471070740957,-0.0992938753325613,-2.08495830749316,2.01374232360469,"Moderada Afectación"
-2.85997704645733,-0.277963200378062,-0.537897766067897,-0.00598909137556213,-1.16784680698014,0.363409646691985,0.857064760895942,0.694593483885772,0.372676195353556,0.328916748310452,-1.09813772856884,-0.162922824041057,0.481386238356992,-0.393530195019741,0.905048480873866,"Baja Afectación"
1.42224251025659,-2.21837740153308,-0.795271647881078,0.893183392563747,0.899611344909836,-0.0441002421727065,1.33308745698639,0.428218040111356,1.33745454716121,-0.961851007283023,0.254177798921736,-1.15619394361163,-0.268071681666706,-0.480978671144207,0.943468850864949,"Moderada Afectación"
0.324678614418884,-0.62938043108841,-1.22996057865547,-4.13712487952346,-0.217234765442414,0.814137272554409,1.88512691885654,-0.821652498027336,-1.14194218555687,0.650945613483602,-0.796059943864348,-0.944974426971378,-1.17009775716243,1.22628612873314,-0.0518504978778295,"Moderada Afectación"
-3.43427210581588,-1.13437121253454,-0.135852172055834,0.936316006249732,0.510734726987942,0.992787097731032,0.188570620773279,-0.514473141418224,2.07601007314098,-0.272452011906561,0.976871641999693,-0.680685318079247,-0.569548361940535,-0.544437153510434,-1.23362161492934,"Baja Afectación"
-0.161609125422388,5.6185453697484,5.59697228993869,0.917658385396448,-2.24618674118687,-0.607449774911237,0.649686004848519,2.87425669614034,-1.1942435005709,-0.185478717668815,0.188535879588718,0.252127529022071,0.653267715912669,-1.53543926859191,-0.16126485434859,"Baja Afectación"
-0.807264425337251,-1.85410791634702,-0.607642076008988,-2.1619553352943,0.0046107581694772,-0.802881764339339,-0.88085423338476,1.78652939257208,0.302552160567853,-1.37217064073457,-0.0999209151008896,0.518322232207446,-0.784406762832477,-1.28062477070781,-0.411352887031043,"Moderada Afectación"
-0.926450169669165,-1.67282840487892,0.93846278487147,1.44607539254319,-0.38823139234023,-2.17308473787912,-0.048341371488068,-0.611174395933039,-0.919335284927607,-1.21802987387198,-0.679127471034058,0.597219233887008,-0.431576449674208,-0.496132081151078,0.0594231536011966,"Moderada Afectación"
0.992053907770166,1.95078341010815,-2.01106407717942,2.14040594687661,-1.07745877157001,0.370871014100418,-0.206882430415899,-1.0420250247321,-0.698699132356099,-1.63445759561112,0.175753740944107,0.392633211562996,0.0273748220505043,0.828564959335027,1.87842840574297,"Moderada Afectación"
-6.00239323332768,4.25304421825357,-1.33448491695149,1.50999827890461,0.131506671255916,-0.416833923941081,-0.889611604987592,1.0883439574131,0.364255960049982,-0.0199840667260351,2.15571155422196,1.68869164148375,0.980602587860125,0.37350375842296,-0.0559989630134051,"Baja Afectación"
0.79976581144034,-1.92917208206472,0.0363260306138218,-1.67189466517826,1.62565266123468,0.0653457049228972,-0.299120286777097,-0.00499900194497191,-0.354079501845118,0.977426060513813,1.31914576041415,-0.136919416298709,1.42476211424268,1.1588811847504,-0.247771019780209,"Moderada Afectación"
-5.60440551671757,2.68480615263752,-0.322847472836672,-1.95171013378606,0.773605564970576,0.675307029625019,0.0225209770470435,-1.24876798357154,0.661993300355633,1.11790266737173,-0.930035241525233,0.0526405469120594,-1.25569038450736,-1.85319182974326,1.35760351718553,"Baja Afectación"
